This is pdfTeX, Version 3.141592653-2.6-1.40.28 (MiKTeX 25.12) (preloaded format=pdflatex 2026.5.30)  30 MAY 2026 16:31
entering extended mode
 restricted \write18 enabled.
 %&-line parsing enabled.
**./refman.tex
(refman.tex
LaTeX2e <2025-11-01>
L3 programming layer <2025-12-24>

(C:\Users\troll\AppData\Local\Programs\MiKTeX\tex/generic/iftex\iftex.sty
Package: iftex 2024/12/12 v1.0g TeX engine tests
) (C:\Users\troll\AppData\Local\Programs\MiKTeX\tex/latex/base\book.cls
Document Class: book 2025/01/22 v1.4n Standard LaTeX document class
(C:\Users\troll\AppData\Local\Programs\MiKTeX\tex/latex/base\bk10.clo
File: bk10.clo 2025/01/22 v1.4n Standard LaTeX file (size option)
)
\c@part=\count275
\c@chapter=\count276
\c@section=\count277
\c@subsection=\count278
\c@subsubsection=\count279
\c@paragraph=\count280
\c@subparagraph=\count281
\c@figure=\count282
\c@table=\count283
\abovecaptionskip=\skip49
\belowcaptionskip=\skip50
\bibindent=\dimen148
) (C:\Users\troll\AppData\Local\Programs\MiKTeX\tex/latex/base\ifthen.sty
Package: ifthen 2024/03/16 v1.1e Standard LaTeX ifthen package (DPC)
) (C:\Users\troll\AppData\Local\Programs\MiKTeX\tex/latex/tools\array.sty
Rollback for package 'array' requested -> date 2016-10-06.
         Best approximation is the release introduced on 2016-10-06.

(C:\Users\troll\AppData\Local\Programs\MiKTeX\tex/latex/tools\array-2016-10-06.
sty
Package: array 2016/10/06 v2.4d Tabular extension package (FMi)
\col@sep=\dimen149
\extrarowheight=\dimen150
\NC@list=\toks17
\extratabsurround=\skip51
\backup@length=\skip52
))
(C:\Users\troll\AppData\Local\Programs\MiKTeX\tex/generic/infwarerr\infwarerr.s
ty
package info suppressed
) (doxygen.sty
Package: doxygen 
(C:\Users\troll\AppData\Local\Programs\MiKTeX\tex/latex/base\alltt.sty
Package: alltt 2024/07/07 v2.0g defines alltt environment
) (C:\Users\troll\AppData\Local\Programs\MiKTeX\tex/latex/tools\calc.sty
Package: calc 2025/03/01 v4.3b Infix arithmetic (KKT,FJ)
\calc@Acount=\count284
\calc@Bcount=\count285
\calc@Adimen=\dimen151
\calc@Bdimen=\dimen152
\calc@Askip=\skip53
\calc@Bskip=\skip54
LaTeX Info: Redefining \setlength on input line 86.
LaTeX Info: Redefining \addtolength on input line 87.
\calc@Ccount=\count286
\calc@Cskip=\skip55
) (C:\Users\troll\AppData\Local\Programs\MiKTeX\tex/latex/float\float.sty
Package: float 2001/11/08 v1.3d Float enhancements (AL)
\c@float@type=\count287
\float@exts=\toks18
\float@box=\box53
\@float@everytoks=\toks19
\@floatcapt=\box54
) (C:\Users\troll\AppData\Local\Programs\MiKTeX\tex/latex/tools\verbatim.sty
Package: verbatim 2024-01-22 v1.5x LaTeX2e package for verbatim enhancements
\every@verbatim=\toks20
\verbatim@line=\toks21
\verbatim@in@stream=\read2
) (C:\Users\troll\AppData\Local\Programs\MiKTeX\tex/latex/xcolor\xcolor.sty
Package: xcolor 2024/09/29 v3.02 LaTeX color extensions (UK)
(C:\Users\troll\AppData\Local\Programs\MiKTeX\tex/latex/graphics-cfg\color.cfg
File: color.cfg 2016/01/02 v1.6 sample color configuration
)
Package xcolor Info: Driver file: pdftex.def on input line 274.

(C:\Users\troll\AppData\Local\Programs\MiKTeX\tex/latex/graphics-def\pdftex.def
File: pdftex.def 2025/09/29 v1.2d Graphics/color driver for pdftex
) (C:\Users\troll\AppData\Local\Programs\MiKTeX\tex/latex/graphics\mathcolor.lt
x)
Package xcolor Info: Model `cmy' substituted by `cmy0' on input line 1349.
Package xcolor Info: Model `hsb' substituted by `rgb' on input line 1353.
Package xcolor Info: Model `RGB' extended on input line 1365.
Package xcolor Info: Model `HTML' substituted by `rgb' on input line 1367.
Package xcolor Info: Model `Hsb' substituted by `hsb' on input line 1368.
Package xcolor Info: Model `tHsb' substituted by `hsb' on input line 1369.
Package xcolor Info: Model `HSB' substituted by `hsb' on input line 1370.
Package xcolor Info: Model `Gray' substituted by `gray' on input line 1371.
Package xcolor Info: Model `wave' substituted by `hsb' on input line 1372.
) (C:\Users\troll\AppData\Local\Programs\MiKTeX\tex/latex/colortbl\colortbl.sty
Package: colortbl 2026/05/01 v1.0l Color table columns (DPC)
\everycr=\toks22
\minrowclearance=\skip56
\rownum=\count288
) (longtable_doxygen.sty
Package: longtable_doxygen 2014/10/28 v4.11 Multi-page Table package (DPC) - fr
ozen version for doxygen
\LTleft=\skip57
\LTright=\skip58
\LTpre=\skip59
\LTpost=\skip60
\LTchunksize=\count289
\LTcapwidth=\dimen153
\LT@head=\box55
\LT@firsthead=\box56
\LT@foot=\box57
\LT@lastfoot=\box58
\LT@cols=\count290
\LT@rows=\count291
\c@LT@tables=\count292
\c@LT@chunks=\count293
\LT@p@ftn=\toks23
) (tabu_doxygen.sty
Package: tabu_doxygen 2011/02/26 v2.8 - flexible LaTeX tabulars (FC), frozen ve
rsion for doxygen
(C:\Users\troll\AppData\Local\Programs\MiKTeX\tex/latex/varwidth\varwidth.sty
Package: varwidth 2009/03/30 ver 0.92;  Variable-width minipages
\@vwid@box=\box59
\sift@deathcycles=\count294
\@vwid@loff=\dimen154
\@vwid@roff=\dimen155
)
==> First Aid for varwidth.sty applied!
\c@taburow=\count295
\tabu@nbcols=\count296
\tabu@cnt=\count297
\tabu@Xcol=\count298
\tabu@alloc=\count299
\tabu@nested=\count300
\tabu@target=\dimen156
\tabu@spreadtarget=\dimen157
\tabu@naturalX=\dimen158
\tabucolX=\dimen159
\tabu@Xsum=\dimen160
\extrarowdepth=\dimen161
\abovetabulinesep=\dimen162
\belowtabulinesep=\dimen163
\tabustrutrule=\dimen164
\tabu@thebody=\toks24
\tabu@footnotes=\toks25
\tabu@box=\box60
\tabu@arstrutbox=\box61
\tabu@hleads=\box62
\tabu@vleads=\box63
\tabu@cellskip=\skip61
) (C:\Users\troll\AppData\Local\Programs\MiKTeX\tex/latex/fancyvrb\fancyvrb.sty
Package: fancyvrb 2026/04/16 4.6a verbatim text (tvz,hv)
(C:\Users\troll\AppData\Local\Programs\MiKTeX\tex/latex/graphics\keyval.sty
Package: keyval 2022/05/29 v1.15 key=value parser (DPC)
\KV@toks@=\toks26
)
\FV@CodeLineNo=\count301
\FV@InFile=\read3
\FV@TabBox=\box64
\c@FancyVerbLine=\count302
\FV@StepNumber=\count303
\FV@OutFile=\write3
) (C:\Users\troll\AppData\Local\Programs\MiKTeX\tex/latex/tools\tabularx.sty
Package: tabularx 2023/12/11 v2.12a `tabularx' package (DPC)
\TX@col@width=\dimen165
\TX@old@table=\dimen166
\TX@old@col=\dimen167
\TX@target=\dimen168
\TX@delta=\dimen169
\TX@cols=\count304
\TX@ftn=\toks27
) (C:\Users\troll\AppData\Local\Programs\MiKTeX\tex/latex/tools\multicol.sty
Package: multicol 2025/10/21 v2.0b multicolumn formatting (FMi)
\c@tracingmulticols=\count305
\mult@box=\box65
\multicol@leftmargin=\dimen170
\c@unbalance=\count306
\c@collectmore=\count307
\doublecol@number=\count308
\multicoltolerance=\count309
\multicolpretolerance=\count310
\full@width=\dimen171
\page@free=\dimen172
\premulticols=\dimen173
\postmulticols=\dimen174
\multicolsep=\skip62
\multicolbaselineskip=\skip63
\partial@page=\box66
\last@line=\box67
\mc@boxedresult=\box68
\maxbalancingoverflow=\dimen175
\mult@rightbox=\box69
\mult@grightbox=\box70
\mult@firstbox=\box71
\mult@gfirstbox=\box72
\@tempa=\box73
\@tempa=\box74
\@tempa=\box75
\@tempa=\box76
\@tempa=\box77
\@tempa=\box78
\@tempa=\box79
\@tempa=\box80
\@tempa=\box81
\@tempa=\box82
\@tempa=\box83
\@tempa=\box84
\@tempa=\box85
\@tempa=\box86
\@tempa=\box87
\@tempa=\box88
\@tempa=\box89
\@tempa=\box90
\@tempa=\box91
\@tempa=\box92
\@tempa=\box93
\@tempa=\box94
\@tempa=\box95
\@tempa=\box96
\@tempa=\box97
\@tempa=\box98
\@tempa=\box99
\@tempa=\box100
\@tempa=\box101
\@tempa=\box102
\@tempa=\box103
\@tempa=\box104
\@tempa=\box105
\@tempa=\box106
\@tempa=\box107
\@tempa=\box108
\c@minrows=\count311
\c@columnbadness=\count312
\c@finalcolumnbadness=\count313
\last@try=\dimen176
\multicolovershoot=\dimen177
\multicolundershoot=\dimen178
\mult@nat@firstbox=\box109
\colbreak@box=\box110
\mc@col@check@num=\count314
\g__mc_curr_col_int=\count315
) (C:\Users\troll\AppData\Local\Programs\MiKTeX\tex/latex/multirow\multirow.sty
Package: multirow 2024/11/12 v2.9 Span multiple rows of a table
\multirow@colwidth=\skip64
\multirow@cntb=\count316
\multirow@dima=\skip65
\bigstrutjot=\dimen179
) (C:\Users\troll\AppData\Local\Programs\MiKTeX\tex/latex/hanging\hanging.sty
Package: hanging 2009/09/02 v1.2b hanging paragraphs and punctuation
\h@ngcommawd=\skip66
\h@ngfstopwd=\skip67
\h@ngquotewd=\skip68
\h@ngdquotewd=\skip69
\h@ngquerywd=\skip70
\h@ngexclwd=\skip71
\h@ngcolonwd=\skip72
\h@ngscolonwd=\skip73
) (C:\Users\troll\AppData\Local\Programs\MiKTeX\tex/generic/iftex\ifpdf.sty
Package: ifpdf 2019/10/25 v3.4 ifpdf legacy package. Use iftex instead.
)
(C:\Users\troll\AppData\Local\Programs\MiKTeX\tex/latex/adjustbox\adjustbox.sty
Package: adjustbox 2025/02/26 v1.3c Adjusting TeX boxes (trim, clip, ...)
(C:\Users\troll\AppData\Local\Programs\MiKTeX\tex/latex/xkeyval\xkeyval.sty
Package: xkeyval 2022/06/16 v2.9 package option processing (HA)
(C:\Users\troll\AppData\Local\Programs\MiKTeX\tex/generic/xkeyval\xkeyval.tex (
C:\Users\troll\AppData\Local\Programs\MiKTeX\tex/generic/xkeyval\xkvutils.tex
\XKV@toks=\toks28
\XKV@tempa@toks=\toks29
)
\XKV@depth=\count317
File: xkeyval.tex 2014/12/03 v2.7a key=value parser (HA)
)) (C:\Users\troll\AppData\Local\Programs\MiKTeX\tex/latex/adjustbox\adjcalc.st
y
Package: adjcalc 2012/05/16 v1.1 Provides advanced setlength with multiple back
-ends (calc, etex, pgfmath)
) (C:\Users\troll\AppData\Local\Programs\MiKTeX\tex/latex/adjustbox\trimclip.st
y
Package: trimclip 2025/02/21 v1.2a Trim and clip general TeX material
(C:\Users\troll\AppData\Local\Programs\MiKTeX\tex/latex/graphics\graphicx.sty
Package: graphicx 2024/12/31 v1.2e Enhanced LaTeX Graphics (DPC,SPQR)
(C:\Users\troll\AppData\Local\Programs\MiKTeX\tex/latex/graphics\graphics.sty
Package: graphics 2024/08/06 v1.4g Standard LaTeX Graphics (DPC,SPQR)
(C:\Users\troll\AppData\Local\Programs\MiKTeX\tex/latex/graphics\trig.sty
Package: trig 2023/12/02 v1.11 sin cos tan (DPC)
)
(C:\Users\troll\AppData\Local\Programs\MiKTeX\tex/latex/graphics-cfg\graphics.c
fg
File: graphics.cfg 2016/06/04 v1.11 sample graphics configuration
)
Package graphics Info: Driver file: pdftex.def on input line 106.
)
\Gin@req@height=\dimen180
\Gin@req@width=\dimen181
)
(C:\Users\troll\AppData\Local\Programs\MiKTeX\tex/latex/collectbox\collectbox.s
ty
Package: collectbox 2022/10/17 v0.4c Collect macro arguments as boxes
\collectedbox=\box111
)
\tc@llx=\dimen182
\tc@lly=\dimen183
\tc@urx=\dimen184
\tc@ury=\dimen185
Package trimclip Info: Using driver 'tc-pdftex.def'.

(C:\Users\troll\AppData\Local\Programs\MiKTeX\tex/latex/adjustbox\tc-pdftex.def
File: tc-pdftex.def 2025/02/26 v2.3 Clipping driver for pdftex
))
\adjbox@Width=\dimen186
\adjbox@Height=\dimen187
\adjbox@Depth=\dimen188
\adjbox@Totalheight=\dimen189
\adjbox@pwidth=\dimen190
\adjbox@pheight=\dimen191
\adjbox@pdepth=\dimen192
\adjbox@ptotalheight=\dimen193

(C:\Users\troll\AppData\Local\Programs\MiKTeX\tex/latex/ifoddpage\ifoddpage.sty
Package: ifoddpage 2022/10/18 v1.2 Conditionals for odd/even page detection
\c@checkoddpage=\count318
)) (C:\Users\troll\AppData\Local\Programs\MiKTeX\tex/latex/amsfonts\amssymb.sty
Package: amssymb 2013/01/14 v3.01 AMS font symbols
(C:\Users\troll\AppData\Local\Programs\MiKTeX\tex/latex/amsfonts\amsfonts.sty
Package: amsfonts 2013/01/14 v3.01 Basic AMSFonts support
\@emptytoks=\toks30
\symAMSa=\mathgroup4
\symAMSb=\mathgroup5
LaTeX Font Info:    Redeclaring math symbol \hbar on input line 98.
LaTeX Font Info:    Overwriting math alphabet `\mathfrak' in version `bold'
(Font)                  U/euf/m/n --> U/euf/b/n on input line 106.
))
(C:\Users\troll\AppData\Local\Programs\MiKTeX\tex/latex/stackengine\stackengine
.sty
Package: stackengine 2021/07/22 v4.11\ Stacking text and objects in convenient 
ways
(C:\Users\troll\AppData\Local\Programs\MiKTeX\tex/latex/etoolbox\etoolbox.sty
Package: etoolbox 2025/10/02 v2.5m e-TeX tools for LaTeX (JAW)
\etb@tempcnta=\count319
)
(C:\Users\troll\AppData\Local\Programs\MiKTeX\tex/latex/listofitems\listofitems
.sty
(C:\Users\troll\AppData\Local\Programs\MiKTeX\tex/generic/listofitems\listofite
ms.tex
\loi_cnt_foreach_nest=\count320
\loi_nestcnt=\count321
)
Package: listofitems 2024/03/09 v1.65 Grab items in lists using user-specified 
sep char (CT)
)
\c@@stackindex=\count322
\@boxshift=\skip74
\stack@tmplength=\skip75
\temp@stkl=\skip76
\@stackedboxwidth=\skip77
\@addedbox=\box112
\@anchorbox=\box113
\@insetbox=\box114
\se@backgroundbox=\box115
\stackedbox=\box116
\@centerbox=\box117
\c@ROWcellindex@=\count323
) (C:\Users\troll\AppData\Local\Programs\MiKTeX\tex/latex/enumitem\enumitem.sty
Package: enumitem 2025/02/06 v3.11 Customized lists
\labelindent=\skip78
\enit@outerparindent=\dimen194
\enit@toks=\toks31
\enit@inbox=\box118
\enit@count@id=\count324
\enitdp@description=\count325
)
(C:\Users\troll\AppData\Local\Programs\MiKTeX\tex/generic/alphalph\alphalph.sty
Package: alphalph 2019/12/09 v2.6 Convert numbers to letters (HO)
(C:\Users\troll\AppData\Local\Programs\MiKTeX\tex/generic/intcalc\intcalc.sty
Package: intcalc 2019/12/15 v1.3 Expandable calculations with integers (HO)
)) (C:\Users\troll\AppData\Local\Programs\MiKTeX\tex/latex/ulem\ulem.sty
\UL@box=\box119
\UL@hyphenbox=\box120
\UL@skip=\skip79
\UL@hook=\toks32
\UL@height=\dimen195
\UL@pe=\count326
\UL@pixel=\dimen196
\ULC@box=\box121
Package: ulem 2019/11/18
\ULdepth=\dimen197
)
\xrefbox=\box122
\xreflength=\skip80
\CodeWidthChar=\skip81
\CodeHeightChar=\skip82
\DoxyCodeWidth=\skip83
\c@DoxyEnumeratei=\count327
\c@DoxyEnumerateii=\count328
\c@DoxyEnumerateiii=\count329
\c@DoxyEnumerateiv=\count330
\c@DoxyEnumeratev=\count331
\c@DoxyEnumeratevi=\count332
\c@DoxyEnumeratevii=\count333
\c@DoxyEnumerateviii=\count334
\c@DoxyEnumerateix=\count335
\c@DoxyEnumeratex=\count336
\c@DoxyEnumeratexi=\count337
\c@DoxyEnumeratexii=\count338
\enitdp@DoxyEnumerate=\count339
\enitdp@DoxyItemize=\count340
\c@subsubsubsection=\count341
\c@subsubsubsubsection=\count342
\c@subsubsubsubsubsection=\count343
\c@subsubsubsubsubsubsection=\count344
) (C:\Users\troll\AppData\Local\Programs\MiKTeX\tex/latex/base\inputenc.sty
Package: inputenc 2024/02/08 v1.3d Input encoding file
\inpenc@prehook=\toks33
\inpenc@posthook=\toks34
) (C:\Users\troll\AppData\Local\Programs\MiKTeX\tex/latex/base\makeidx.sty
Package: makeidx 2021/10/04 v1.0m Standard LaTeX package
) (C:\Users\troll\AppData\Local\Programs\MiKTeX\tex/latex/base\textcomp.sty
Package: textcomp 2024/04/24 v2.1b Standard LaTeX package
) (C:\Users\troll\AppData\Local\Programs\MiKTeX\tex/latex/wasysym\wasysym.sty
Package: wasysym 2020/01/19 v2.4 Wasy-2 symbol support package
\symwasy=\mathgroup6
LaTeX Font Info:    Overwriting symbol font `wasy' in version `bold'
(Font)                  U/wasy/m/n --> U/wasy/b/n on input line 93.
) (C:\Users\troll\AppData\Local\Programs\MiKTeX\tex/generic/iftex\ifxetex.sty
Package: ifxetex 2019/10/25 v0.7 ifxetex legacy package. Use iftex instead.
) (C:\Users\troll\AppData\Local\Programs\MiKTeX\tex/generic/babel\babel.sty
Package: babel 2025/12/11 v25.17 The multilingual framework for LuaLaTeX, pdfLa
TeX and XeLaTeX
\babel@savecnt=\count345
LaTeX Encoding Info:    Redeclaring text command \ij (encoding OT1) on input li
ne 2068.
LaTeX Encoding Info:    Redeclaring text command \IJ (encoding OT1) on input li
ne 2070.
LaTeX Encoding Info:    Redeclaring text command \ij (encoding T1) on input lin
e 2072.
LaTeX Encoding Info:    Redeclaring text command \IJ (encoding T1) on input lin
e 2073.
LaTeX Encoding Info:    Ignoring declaration for text command \ij (encoding ?) 
on input line 2074.
LaTeX Encoding Info:    Ignoring declaration for text command \IJ (encoding ?) 
on input line 2076.
LaTeX Encoding Info:    Ignoring declaration for text command \SS (encoding ?) 
on input line 2101.
\U@D=\dimen198
\l@unhyphenated=\language79
(C:\Users\troll\AppData\Local\Programs\MiKTeX\tex/generic/babel\txtbabel.def)
\bbl@readstream=\read4
\bbl@dirlevel=\count346
Package babel Info: Configuration files are deprecated, as
(babel)             they can break document portability.
(babel)             Reported on input line 4196.
*************************************
* Local config file bblopts.cfg used
*
(C:\Users\troll\AppData\Local\Programs\MiKTeX\tex/latex/arabi\bblopts.cfg
File: bblopts.cfg 2005/09/08 v0.1 add Arabic and Farsi to "declared" options of
 babel
)
(C:\Users\troll\AppData\Local\Programs\MiKTeX\tex/generic/babel/locale/fr\babel
-french.tex)
Package babel Info: Importing font and identification data for french
(babel)             from babel-fr.ini. Reported on input line 4320.

(C:\Users\troll\AppData\Local\Programs\MiKTeX\tex/generic/babel-french\french.l
df
Language: french 2025-08-15 v4.0e French support from the babel system

(C:\Users\troll\AppData\Local\Programs\MiKTeX\tex/generic/babel-french\french3.
ldf
Language: french 2025-08-15 v3.7e French support from the babel system
\FB@stdchar=\count347
Package babel Info: Making : an active character on input line 273.
Package babel Info: Making ; an active character on input line 274.
Package babel Info: Making ! an active character on input line 275.
Package babel Info: Making ? an active character on input line 276.
\FBguill@level=\count348
\FBold@everypar=\toks35
\FB@Mht=\dimen199
\mc@charclass=\count349
\mc@charfam=\count350
\mc@charslot=\count351
\std@mcc=\count352
\dec@mcc=\count353
\FB@pardim=\dimen256
\listindentFB=\dimen257
\descindentFB=\dimen258
\labelindentFB=\dimen259
\labelwidthFB=\dimen260
\leftmarginFB=\dimen261
\parindentFFN=\dimen262
\FBfnindent=\dimen263
))) (C:\Users\troll\AppData\Local\Programs\MiKTeX\tex/latex/carlisle\scalefnt.s
ty) (C:\Users\troll\AppData\Local\Programs\MiKTeX\tex/latex/base\fontenc.sty
Package: fontenc 2025/07/18 v2.1d Standard LaTeX package
) (C:\Users\troll\AppData\Local\Programs\MiKTeX\tex/latex/psnfss\helvet.sty
Package: helvet 2020/03/25 PSNFSS-v9.3 (WaS) 
) (C:\Users\troll\AppData\Local\Programs\MiKTeX\tex/latex/psnfss\courier.sty
Package: courier 2020/03/25 PSNFSS-v9.3 (WaS) 
) (C:\Users\troll\AppData\Local\Programs\MiKTeX\tex/latex/geometry\geometry.sty
Package: geometry 2026/03/07 v6.0 Page Geometry
(C:\Users\troll\AppData\Local\Programs\MiKTeX\tex/generic/iftex\ifvtex.sty
Package: ifvtex 2019/10/25 v1.7 ifvtex legacy package. Use iftex instead.
)
\Gm@cnth=\count354
\Gm@cntv=\count355
\c@Gm@tempcnt=\count356
\Gm@bindingoffset=\dimen264
\Gm@wd@mp=\dimen265
\Gm@odd@mp=\dimen266
\Gm@even@mp=\dimen267
\Gm@layoutwidth=\dimen268
\Gm@layoutheight=\dimen269
\Gm@layouthoffset=\dimen270
\Gm@layoutvoffset=\dimen271
\Gm@dimlist=\toks36
(C:\Users\troll\AppData\Local\Programs\MiKTeX\tex/latex/geometry\geometry.cfg))

(C:\Users\troll\AppData\Local\Programs\MiKTeX\tex/latex/changepage\changepage.s
ty
Package: changepage 2009/10/20 v1.0c check page and change page layout
\c@cp@cntr=\count357
\cp@tempcnt=\count358
LaTeX Info: Redefining \checkoddpage on input line 59.
) (C:\Users\troll\AppData\Local\Programs\MiKTeX\tex/latex/fancyhdr\fancyhdr.sty
Package: fancyhdr 2025/02/07 v5.2 Extensive control of page headers and footers

\f@nch@headwidth=\skip84
\f@nch@offset@elh=\skip85
\f@nch@offset@erh=\skip86
\f@nch@offset@olh=\skip87
\f@nch@offset@orh=\skip88
\f@nch@offset@elf=\skip89
\f@nch@offset@erf=\skip90
\f@nch@offset@olf=\skip91
\f@nch@offset@orf=\skip92
\f@nch@height=\skip93
\f@nch@footalignment=\skip94
\f@nch@widthL=\skip95
\f@nch@widthC=\skip96
\f@nch@widthR=\skip97
\@temptokenb=\toks37
) (C:\Users\troll\AppData\Local\Programs\MiKTeX\tex/latex/natbib\natbib.sty
Package: natbib 2010/09/13 8.31b (PWD, AO)
\bibhang=\skip98
\bibsep=\skip99
LaTeX Info: Redefining \cite on input line 694.
\c@NAT@ctr=\count359
) (C:\Users\troll\AppData\Local\Programs\MiKTeX\tex/latex/tocloft\tocloft.sty
Package: tocloft 2017/08/31 v2.3i parameterised ToC, etc., typesetting
Package tocloft Info: The document has chapter divisions on input line 51.
\cftparskip=\skip100
\cftbeforetoctitleskip=\skip101
\cftaftertoctitleskip=\skip102
\cftbeforepartskip=\skip103
\cftpartnumwidth=\skip104
\cftpartindent=\skip105
\cftbeforechapskip=\skip106
\cftchapindent=\skip107
\cftchapnumwidth=\skip108
\cftbeforesecskip=\skip109
\cftsecindent=\skip110
\cftsecnumwidth=\skip111
\cftbeforesubsecskip=\skip112
\cftsubsecindent=\skip113
\cftsubsecnumwidth=\skip114
\cftbeforesubsubsecskip=\skip115
\cftsubsubsecindent=\skip116
\cftsubsubsecnumwidth=\skip117
\cftbeforeparaskip=\skip118
\cftparaindent=\skip119
\cftparanumwidth=\skip120
\cftbeforesubparaskip=\skip121
\cftsubparaindent=\skip122
\cftsubparanumwidth=\skip123
\cftbeforeloftitleskip=\skip124
\cftafterloftitleskip=\skip125
\cftbeforefigskip=\skip126
\cftfigindent=\skip127
\cftfignumwidth=\skip128
\c@lofdepth=\count360
\c@lotdepth=\count361
\cftbeforelottitleskip=\skip129
\cftafterlottitleskip=\skip130
\cftbeforetabskip=\skip131
\cfttabindent=\skip132
\cfttabnumwidth=\skip133
)
\@indexfile=\write4
\openout4 = `refman.idx'.

Writing index file refman.idx

(C:\Users\troll\AppData\Local\Programs\MiKTeX\tex/latex/newunicodechar\newunico
dechar.sty
Package: newunicodechar 2018/04/08 v1.2 Defining Unicode characters
) (C:\Users\troll\AppData\Local\Programs\MiKTeX\tex/latex/hyperref\hyperref.sty
Package: hyperref 2025-07-12 v7.01o Hypertext links for LaTeX

(C:\Users\troll\AppData\Local\Programs\MiKTeX\tex/latex/kvsetkeys\kvsetkeys.sty
Package: kvsetkeys 2022-10-05 v1.19 Key value parser (HO)
)
(C:\Users\troll\AppData\Local\Programs\MiKTeX\tex/generic/kvdefinekeys\kvdefine
keys.sty
Package: kvdefinekeys 2019-12-19 v1.6 Define keys (HO)
)
(C:\Users\troll\AppData\Local\Programs\MiKTeX\tex/generic/pdfescape\pdfescape.s
ty
Package: pdfescape 2019/12/09 v1.15 Implements pdfTeX's escape features (HO)
(C:\Users\troll\AppData\Local\Programs\MiKTeX\tex/generic/ltxcmds\ltxcmds.sty
Package: ltxcmds 2023-12-04 v1.26 LaTeX kernel commands for general use (HO)
)
(C:\Users\troll\AppData\Local\Programs\MiKTeX\tex/generic/pdftexcmds\pdftexcmds
.sty
Package: pdftexcmds 2020-06-27 v0.33 Utility functions of pdfTeX for LuaTeX (HO
)
Package pdftexcmds Info: \pdf@primitive is available.
Package pdftexcmds Info: \pdf@ifprimitive is available.
Package pdftexcmds Info: \pdfdraftmode found.
)) (C:\Users\troll\AppData\Local\Programs\MiKTeX\tex/latex/hycolor\hycolor.sty
Package: hycolor 2020-01-27 v1.10 Color options for hyperref/bookmark (HO)
) (C:\Users\troll\AppData\Local\Programs\MiKTeX\tex/latex/hyperref\nameref.sty
Package: nameref 2025-06-21 v2.57 Cross-referencing by name of section
(C:\Users\troll\AppData\Local\Programs\MiKTeX\tex/latex/refcount\refcount.sty
Package: refcount 2019/12/15 v3.6 Data extraction from label references (HO)
)
(C:\Users\troll\AppData\Local\Programs\MiKTeX\tex/generic/gettitlestring\gettit
lestring.sty
Package: gettitlestring 2019/12/15 v1.6 Cleanup title references (HO)

(C:\Users\troll\AppData\Local\Programs\MiKTeX\tex/latex/kvoptions\kvoptions.sty
Package: kvoptions 2022-06-15 v3.15 Key value format for package options (HO)
))
\c@section@level=\count362
)
(C:\Users\troll\AppData\Local\Programs\MiKTeX\tex/generic/stringenc\stringenc.s
ty
Package: stringenc 2019/11/29 v1.12 Convert strings between diff. encodings (HO
)
)
\@linkdim=\dimen272
\Hy@linkcounter=\count363
\Hy@pagecounter=\count364
(C:\Users\troll\AppData\Local\Programs\MiKTeX\tex/latex/hyperref\pd1enc.def
File: pd1enc.def 2025-07-12 v7.01o Hyperref: PDFDocEncoding definition (HO)
Now handling font encoding PD1 ...
... no UTF-8 mapping file for font encoding PD1
)
\Hy@SavedSpaceFactor=\count365
(C:\Users\troll\AppData\Local\Programs\MiKTeX\tex/latex/hyperref\puenc.def
File: puenc.def 2025-07-12 v7.01o Hyperref: PDF Unicode definition (HO)
Now handling font encoding PU ...
... no UTF-8 mapping file for font encoding PU
)
Package hyperref Info: Hyper figures OFF on input line 4195.
Package hyperref Info: Link nesting OFF on input line 4200.
Package hyperref Info: Hyper index ON on input line 4203.
Package hyperref Info: Plain pages OFF on input line 4210.
Package hyperref Info: Backreferencing ON on input line 4213.
Package hyperref Info: Implicit mode ON; LaTeX internals redefined.
Package hyperref Info: Bookmarks ON on input line 4462.
(C:\Users\troll\AppData\Local\Programs\MiKTeX\tex/latex/hyperref\backref.sty
Package: backref 2025-06-21 v1.45 Bibliographical back referencing

(C:\Users\troll\AppData\Local\Programs\MiKTeX\tex/latex/rerunfilecheck\rerunfil
echeck.sty
Package: rerunfilecheck 2025-06-21 v1.11 Rerun checks for auxiliary files (HO)

(C:\Users\troll\AppData\Local\Programs\MiKTeX\tex/generic/uniquecounter\uniquec
ounter.sty
Package: uniquecounter 2019/12/15 v1.4 Provide unlimited unique counter (HO)

(C:\Users\troll\AppData\Local\Programs\MiKTeX\tex/generic/bigintcalc\bigintcalc
.sty
Package: bigintcalc 2019/12/15 v1.5 Expandable calculations on big integers (HO
)
))
Package uniquecounter Info: New unique counter `rerunfilecheck' on input line 2
84.
))
\c@Hy@tempcnt=\count366
(C:\Users\troll\AppData\Local\Programs\MiKTeX\tex/latex/url\url.sty
\Urlmuskip=\muskip17
Package: url 2013/09/16  ver 3.4  Verb mode for urls, etc.
)
LaTeX Info: Redefining \url on input line 4801.
\XeTeXLinkMargin=\dimen273
(C:\Users\troll\AppData\Local\Programs\MiKTeX\tex/generic/bitset\bitset.sty
Package: bitset 2019/12/09 v1.3 Handle bit-vector datatype (HO)
)
\Fld@menulength=\count367
\Field@Width=\dimen274
\Fld@charsize=\dimen275
Package hyperref Info: Hyper figures OFF on input line 6078.
Package hyperref Info: Link nesting OFF on input line 6083.
Package hyperref Info: Hyper index ON on input line 6086.
Package hyperref Info: backreferencing ON on input line 6091.
Package hyperref Info: Link coloring OFF on input line 6098.
Package hyperref Info: Link coloring with OCG OFF on input line 6103.
Package hyperref Info: PDF/A mode OFF on input line 6108.
\Hy@abspage=\count368
\c@Item=\count369
\c@Hfootnote=\count370
)
Package hyperref Info: Driver: hpdftex.
(C:\Users\troll\AppData\Local\Programs\MiKTeX\tex/latex/hyperref\hpdftex.def
File: hpdftex.def 2025-07-12 v7.01o Hyperref driver for pdfTeX
\Fld@listcount=\count371
\c@bookmark@seq@number=\count372
\Hy@SectionHShift=\skip134
)
Package hyperref Info: Option `colorlinks' set `true' on input line 190.
Package hyperref Info: Option `unicode' set `true' on input line 190.
(C:\Users\troll\AppData\Local\Programs\MiKTeX\tex/latex/caption\caption.sty
Package: caption 2023/08/05 v3.6o Customizing captions (AR)
(C:\Users\troll\AppData\Local\Programs\MiKTeX\tex/latex/caption\caption3.sty
Package: caption3 2023/07/31 v2.4d caption3 kernel (AR)
\caption@tempdima=\dimen276
\captionmargin=\dimen277
\caption@leftmargin=\dimen278
\caption@rightmargin=\dimen279
\caption@width=\dimen280
\caption@indent=\dimen281
\caption@parindent=\dimen282
\caption@hangindent=\dimen283
Package caption Info: Standard document class detected.
Package caption Info: french babel package is loaded.
)
\c@caption@flags=\count373
\c@continuedfloat=\count374
Package caption Info: changepage package is loaded.
\caption@adjustwidth@hsize=\dimen284
\caption@adjustwidth@linewidth=\dimen285
Package caption Info: float package is loaded.
Package caption Info: hyperref package is loaded.
Package caption Info: longtable package is loaded.
(C:\Users\troll\AppData\Local\Programs\MiKTeX\tex/latex/caption\ltcaption.sty
Package: ltcaption 2021/01/08 v1.4c longtable captions (AR)
)) (C:\Users\troll\AppData\Local\Programs\MiKTeX\tex/latex/etoc\etoc.sty
Package: etoc 2026/05/04 v1.2e Completely customisable TOCs (JFB)
\Etoc@toctoks=\toks38
\c@etoc@tocid=\count375
\etoc@framed@titlebox=\box123
\etoc@framed@contentsbox=\box124
)

Package french3.ldf Warning: Please load the "natbib" package
(french3.ldf)                BEFORE babel/french; reported on input line 212.

Package french3.ldf Info: Setting StandardItemizeEnv=true for
(french3.ldf)             compatibility with enumitem package,
(french3.ldf)             reported on input line 212.
Package french3.ldf Info: Setting StandardEnumerateEnv=true for
(french3.ldf)             compatibility with enumitem package,
(french3.ldf)             reported on input line 212.
LaTeX Font Info:    Trying to load font information for T1+phv on input line 21
2.
(C:\Users\troll\AppData\Local\Programs\MiKTeX\tex/latex/psnfss\t1phv.fd
File: t1phv.fd 2020/03/25 scalable font definitions for T1/phv.
)
LaTeX Font Info:    Font shape `T1/phv/m/n' will be
(Font)              scaled to size 8.99994pt on input line 212.

(C:\Users\troll\AppData\Local\Programs\MiKTeX\tex/latex/l3backend\l3backend-pdf
tex.def
File: l3backend-pdftex.def 2025-10-09 L3 backend support: PDF output (pdfTeX)
\l__color_backend_stack_int=\count376
)
No file refman.aux.
\openout1 = `refman.aux'.

LaTeX Font Info:    Checking defaults for OML/cmm/m/it on input line 212.
LaTeX Font Info:    ... okay on input line 212.
LaTeX Font Info:    Checking defaults for OMS/cmsy/m/n on input line 212.
LaTeX Font Info:    ... okay on input line 212.
LaTeX Font Info:    Checking defaults for OT1/cmr/m/n on input line 212.
LaTeX Font Info:    ... okay on input line 212.
LaTeX Font Info:    Checking defaults for T1/cmr/m/n on input line 212.
LaTeX Font Info:    ... okay on input line 212.
LaTeX Font Info:    Checking defaults for TS1/cmr/m/n on input line 212.
LaTeX Font Info:    ... okay on input line 212.
LaTeX Font Info:    Checking defaults for OMX/cmex/m/n on input line 212.
LaTeX Font Info:    ... okay on input line 212.
LaTeX Font Info:    Checking defaults for U/cmr/m/n on input line 212.
LaTeX Font Info:    ... okay on input line 212.
LaTeX Font Info:    Checking defaults for PD1/pdf/m/n on input line 212.
LaTeX Font Info:    ... okay on input line 212.
LaTeX Font Info:    Checking defaults for PU/pdf/m/n on input line 212.
LaTeX Font Info:    ... okay on input line 212.

(C:\Users\troll\AppData\Local\Programs\MiKTeX\tex/context/base/mkii\supp-pdf.mk
ii
[Loading MPS to PDF converter (version 2006.09.02).]
\scratchcounter=\count377
\scratchdimen=\dimen286
\scratchbox=\box125
\nofMPsegments=\count378
\nofMParguments=\count379
\everyMPshowfont=\toks39
\MPscratchCnt=\count380
\MPscratchDim=\dimen287
\MPnumerator=\count381
\makeMPintoPDFobject=\count382
\everyMPtoPDFconversion=\toks40
)
(C:\Users\troll\AppData\Local\Programs\MiKTeX\tex/latex/epstopdf-pkg\epstopdf-b
ase.sty
Package: epstopdf-base 2020-01-24 v2.11 Base part for package epstopdf
Package epstopdf-base Info: Redefining graphics rule for `.eps' on input line 4
85.

(C:\Users\troll\AppData\Local\Programs\MiKTeX\tex/latex/00miktex\epstopdf-sys.c
fg
File: epstopdf-sys.cfg 2021/03/18 v2.0 Configuration of epstopdf for MiKTeX
))
Package babel Info: 'french' activates 'french' shorthands.
(babel)             Reported on input line 212.
LaTeX Info: Redefining \degres on input line 212.
*geometry* driver: auto-detecting
*geometry* detected driver: pdftex
*geometry* verbose mode - [ preamble ] result:
* driver: pdftex
* paper: a4paper
* layout: <same size as paper>
* layoutoffset:(h,v)=(0.0pt,0.0pt)
* modes: twoside 
* h-part:(L,W,R)=(71.13188pt, 455.24411pt, 71.13188pt)
* v-part:(T,H,B)=(71.13188pt, 702.78308pt, 71.13188pt)
* \paperwidth=597.50787pt
* \paperheight=845.04684pt
* \textwidth=455.24411pt
* \textheight=702.78308pt
* \oddsidemargin=-1.1381pt
* \evensidemargin=-1.1381pt
* \topmargin=-31.2056pt
* \headheight=12.0pt
* \headsep=18.06749pt
* \topskip=10.0pt
* \footskip=25.29494pt
* \marginparwidth=125.0pt
* \marginparsep=7.0pt
* \columnsep=10.0pt
* \skip\footins=9.0pt plus 4.0pt minus 2.0pt
* \hoffset=0.0pt
* \voffset=0.0pt
* \mag=1000
* \@twocolumnfalse
* \@twosidetrue
* \@mparswitchtrue
* \@reversemarginfalse
* (1in=72.27pt=25.4mm, 1cm=28.453pt)

Package backref Info: ** backref set up for natbib ** on input line 212.
Package hyperref Info: Link coloring ON on input line 212.
\@outlinefile=\write5
\openout5 = `refman.out'.

Package caption Info: Begin \AtBeginDocument code.
Package caption Info: End \AtBeginDocument code.
No file refman.toc.
Package hyperref Info: Option `pageanchor' set `false' on input line 220.
Package hyperref Info: Option `bookmarksnumbered' set `true' on input line 220.

Package hyperref Info: Option `unicode' set `true' on input line 220.
LaTeX Font Info:    Font shape `T1/phv/m/n' will be
(Font)              scaled to size 12.9599pt on input line 225.
LaTeX Font Info:    Font shape `T1/phv/m/n' will be
(Font)              scaled to size 10.79993pt on input line 227.
[1


{C:/Users/troll/AppData/Local/MiKTeX/fonts/map/pdftex/pdftex.map}{C:/Users/trol
l/AppData/Local/Programs/MiKTeX/fonts/enc/dvips/base/8r.enc}] [2

]
\tf@toc=\write6
\openout6 = `refman.toc'.

Package hyperref Info: Option `pageanchor' set `true' on input line 236.
(index.tex
Chapitre 1.
LaTeX Font Info:    Font shape `T1/phv/m/n' will be
(Font)              scaled to size 18.66588pt on input line 1.
LaTeX Font Info:    Font shape `T1/phv/b/n' will be
(Font)              scaled to size 18.66588pt on input line 1.
LaTeX Font Info:    Font shape `T1/phv/b/n' will be
(Font)              scaled to size 22.39185pt on input line 1.
LaTeX Font Info:    Font shape `T1/phv/b/n' will be
(Font)              scaled to size 12.9599pt on input line 3.
LaTeX Font Info:    Font shape `T1/phv/b/n' will be
(Font)              scaled to size 10.79993pt on input line 4.
LaTeX Font Info:    Font shape `T1/phv/b/n' will be
(Font)              scaled to size 8.99994pt on input line 6.
LaTeX Font Info:    Trying to load font information for TS1+phv on input line 9
.
(C:\Users\troll\AppData\Local\Programs\MiKTeX\tex/latex/psnfss\ts1phv.fd
File: ts1phv.fd 2020/03/25 scalable font definitions for TS1/phv.
)
LaTeX Font Info:    Font shape `TS1/phv/m/n' will be
(Font)              scaled to size 8.99994pt on input line 9.
LaTeX Font Info:    Font shape `T1/phv/m/n' will be
(Font)              scaled to size 6.29996pt on input line 10.
LaTeX Font Info:    Trying to load font information for U+msa on input line 10.

(C:\Users\troll\AppData\Local\Programs\MiKTeX\tex/latex/amsfonts\umsa.fd
File: umsa.fd 2013/01/14 v3.01 AMS symbols A
)
LaTeX Font Info:    Trying to load font information for U+msb on input line 10.

(C:\Users\troll\AppData\Local\Programs\MiKTeX\tex/latex/amsfonts\umsb.fd
File: umsb.fd 2013/01/14 v3.01 AMS symbols B
)
LaTeX Font Info:    Trying to load font information for U+wasy on input line 10
.
(C:\Users\troll\AppData\Local\Programs\MiKTeX\tex/latex/wasysym\uwasy.fd
File: uwasy.fd 2020/01/19 v2.4 Wasy-2 symbol font definitions
)
! Undefined control sequence.
<argument> ...rtpbox {\@nextchar }\insert@pcolumn 
                                                  \@endpbox \do@row@strut \o...
l.35 \begin{longtabu}spread 0pt [c]{*{2}{|X[-1]}|}
                                                  
The control sequence at the end of the top line
of your error message was never \def'ed. If you have
misspelled it (e.g., `\hobx'), type `I' and the correct
spelling (e.g., `I\hbox'). Otherwise just continue,
and I'll forget about whatever was undefined.

! Undefined control sequence.
<argument> ...rtpbox {\@nextchar }\insert@pcolumn 
                                                  \@endpbox \do@row@strut \o...
l.35 \begin{longtabu}spread 0pt [c]{*{2}{|X[-1]}|}
                                                  
The control sequence at the end of the top line
of your error message was never \def'ed. If you have
misspelled it (e.g., `\hobx'), type `I' and the correct
spelling (e.g., `I\hbox'). Otherwise just continue,
and I'll forget about whatever was undefined.

! Missing # inserted in alignment preamble.
<to be read again> 
                   &
l.48 \end{longtabu}
                   
There should be exactly one # between &'s, when an
\halign or \valign is being set up. In this case you had
none, so I've put one in; maybe that will work.

! Missing # inserted in alignment preamble.
<to be read again> 
                   \cr 
l.48 \end{longtabu}
                   
There should be exactly one # between &'s, when an
\halign or \valign is being set up. In this case you had
none, so I've put one in; maybe that will work.

! Missing # inserted in alignment preamble.
<to be read again> 
                   &
l.48 \end{longtabu}
                   
There should be exactly one # between &'s, when an
\halign or \valign is being set up. In this case you had
none, so I've put one in; maybe that will work.

! Missing # inserted in alignment preamble.
<to be read again> 
                   \cr 
l.48 \end{longtabu}
                   
There should be exactly one # between &'s, when an
\halign or \valign is being set up. In this case you had
none, so I've put one in; maybe that will work.

! Missing # inserted in alignment preamble.
<to be read again> 
                   &
l.48 \end{longtabu}
                   
There should be exactly one # between &'s, when an
\halign or \valign is being set up. In this case you had
none, so I've put one in; maybe that will work.

! Missing # inserted in alignment preamble.
<to be read again> 
                   \cr 
l.48 \end{longtabu}
                   
There should be exactly one # between &'s, when an
\halign or \valign is being set up. In this case you had
none, so I've put one in; maybe that will work.

! Missing # inserted in alignment preamble.
<to be read again> 
                   &
l.48 \end{longtabu}
                   
There should be exactly one # between &'s, when an
\halign or \valign is being set up. In this case you had
none, so I've put one in; maybe that will work.

! Missing # inserted in alignment preamble.
<to be read again> 
                   \cr 
l.48 \end{longtabu}
                   
There should be exactly one # between &'s, when an
\halign or \valign is being set up. In this case you had
none, so I've put one in; maybe that will work.

(C:\Users\troll\AppData\Local\Programs\MiKTeX\tex/latex/psnfss\t1pcr.fd)
! Missing # inserted in alignment preamble.
<to be read again> 
                   &
l.48 \end{longtabu}
                   
There should be exactly one # between &'s, when an
\halign or \valign is being set up. In this case you had
none, so I've put one in; maybe that will work.

! Missing # inserted in alignment preamble.
<to be read again> 
                   \cr 
l.48 \end{longtabu}
                   
There should be exactly one # between &'s, when an
\halign or \valign is being set up. In this case you had
none, so I've put one in; maybe that will work.

! Missing # inserted in alignment preamble.
<to be read again> 
                   &
l.48 \end{longtabu}
                   
There should be exactly one # between &'s, when an
\halign or \valign is being set up. In this case you had
none, so I've put one in; maybe that will work.

! Missing # inserted in alignment preamble.
<to be read again> 
                   \cr 
l.48 \end{longtabu}
                   
There should be exactly one # between &'s, when an
\halign or \valign is being set up. In this case you had
none, so I've put one in; maybe that will work.

! Missing # inserted in alignment preamble.
<to be read again> 
                   &
l.48 \end{longtabu}
                   
There should be exactly one # between &'s, when an
\halign or \valign is being set up. In this case you had
none, so I've put one in; maybe that will work.

! Missing # inserted in alignment preamble.
<to be read again> 
                   \cr 
l.48 \end{longtabu}
                   
There should be exactly one # between &'s, when an
\halign or \valign is being set up. In this case you had
none, so I've put one in; maybe that will work.

! Missing # inserted in alignment preamble.
<to be read again> 
                   &
l.48 \end{longtabu}
                   
There should be exactly one # between &'s, when an
\halign or \valign is being set up. In this case you had
none, so I've put one in; maybe that will work.

! Missing # inserted in alignment preamble.
<to be read again> 
                   \cr 
l.48 \end{longtabu}
                   
There should be exactly one # between &'s, when an
\halign or \valign is being set up. In this case you had
none, so I've put one in; maybe that will work.

! Missing # inserted in alignment preamble.
<to be read again> 
                   &
l.48 \end{longtabu}
                   
There should be exactly one # between &'s, when an
\halign or \valign is being set up. In this case you had
none, so I've put one in; maybe that will work.

! Missing # inserted in alignment preamble.
<to be read again> 
                   \cr 
l.48 \end{longtabu}
                   
There should be exactly one # between &'s, when an
\halign or \valign is being set up. In this case you had
none, so I've put one in; maybe that will work.

! Missing # inserted in alignment preamble.
<to be read again> 
                   &
l.48 \end{longtabu}
                   
There should be exactly one # between &'s, when an
\halign or \valign is being set up. In this case you had
none, so I've put one in; maybe that will work.

! Missing # inserted in alignment preamble.
<to be read again> 
                   \cr 
l.48 \end{longtabu}
                   
There should be exactly one # between &'s, when an
\halign or \valign is being set up. In this case you had
none, so I've put one in; maybe that will work.

! Missing # inserted in alignment preamble.
<to be read again> 
                   &
l.48 \end{longtabu}
                   
There should be exactly one # between &'s, when an
\halign or \valign is being set up. In this case you had
none, so I've put one in; maybe that will work.

! Missing # inserted in alignment preamble.
<to be read again> 
                   \cr 
l.48 \end{longtabu}
                   
There should be exactly one # between &'s, when an
\halign or \valign is being set up. In this case you had
none, so I've put one in; maybe that will work.

! Missing # inserted in alignment preamble.
<to be read again> 
                   &
l.48 \end{longtabu}
                   
There should be exactly one # between &'s, when an
\halign or \valign is being set up. In this case you had
none, so I've put one in; maybe that will work.

! Missing # inserted in alignment preamble.
<to be read again> 
                   \cr 
l.48 \end{longtabu}
                   
There should be exactly one # between &'s, when an
\halign or \valign is being set up. In this case you had
none, so I've put one in; maybe that will work.

LaTeX Font Info:    Font shape `T1/phv/b/n' will be
(Font)              scaled to size 6.29996pt on input line 48.
[1


]

Package longtable Warning: Column widths have changed
(longtable)                in table 1.1 on input line 48.

)
Package babel Info: 'french' activates 'french' shorthands.
(babel)             Reported on input line 239.
[2]
Chapitre 2.
(hierarchy.tex

LaTeX Warning: Reference `classarbitre' on page 3 undefined on input line 3.


LaTeX Warning: Reference `class_joueur' on page 3 undefined on input line 4.


LaTeX Warning: Reference `class_joueur_humain' on page 3 undefined on input lin
e 6.


LaTeX Warning: Reference `class_joueur_i_a' on page 3 undefined on input line 7
.


LaTeX Warning: Reference `class_i_a___aleatoire' on page 3 undefined on input l
ine 9.


LaTeX Warning: Reference `class_i_a___min_max' on page 3 undefined on input lin
e 10.


LaTeX Warning: Reference `class_joueur_m_p_i' on page 3 undefined on input line
 13.


LaTeX Warning: Reference `class_partie' on page 3 undefined on input line 14.


LaTeX Warning: Reference `class_plateau3_d' on page 3 undefined on input line 1
5.


LaTeX Warning: Reference `classposition' on page 3 undefined on input line 16.


LaTeX Warning: Reference `struct_vec3' on page 3 undefined on input line 17.

) [3

] [4

]
Chapitre 3.
(annotated.tex

LaTeX Warning: Reference `classarbitre' on page 5 undefined on input line 3.


LaTeX Warning: Reference `class_i_a___aleatoire' on page 5 undefined on input l
ine 4.


LaTeX Warning: Reference `class_i_a___min_max' on page 5 undefined on input lin
e 5.


LaTeX Warning: Reference `class_joueur' on page 5 undefined on input line 6.


LaTeX Warning: Reference `class_joueur_humain' on page 5 undefined on input lin
e 7.


LaTeX Warning: Reference `class_joueur_i_a' on page 5 undefined on input line 8
.


LaTeX Warning: Reference `class_joueur_m_p_i' on page 5 undefined on input line
 9.


LaTeX Warning: Reference `class_partie' on page 5 undefined on input line 10.


LaTeX Warning: Reference `class_plateau3_d' on page 5 undefined on input line 1
1.


LaTeX Warning: Reference `classposition' on page 5 undefined on input line 12.


LaTeX Warning: Reference `struct_vec3' on page 5 undefined on input line 13.

) [5] [6

]
Chapitre 4.
(files.tex

LaTeX Warning: Reference `arbitre_8h_source' on page 7 undefined on input line 
3.


LaTeX Warning: Reference `_i_a___aleatoire_8h_source' on page 7 undefined on in
put line 4.


LaTeX Warning: Reference `_i_a___min_max_8h_source' on page 7 undefined on inpu
t line 5.


LaTeX Warning: Reference `_joueur_8h_source' on page 7 undefined on input line 
6.


LaTeX Warning: Reference `_joueur_humain_8h_source' on page 7 undefined on inpu
t line 7.


LaTeX Warning: Reference `_joueur_i_a_8h_source' on page 7 undefined on input l
ine 8.


LaTeX Warning: Reference `_joueur_m_p_i_8h_source' on page 7 undefined on input
 line 9.


LaTeX Warning: Reference `main_8cpp' on page 7 undefined on input line 10.


LaTeX Warning: Reference `_partie_8h_source' on page 7 undefined on input line 
11.


LaTeX Warning: Reference `_pion_8hpp_source' on page 7 undefined on input line 
12.


LaTeX Warning: Reference `_plateau3_d_8h_source' on page 7 undefined on input l
ine 13.


LaTeX Warning: Reference `position_8h_source' on page 7 undefined on input line
 14.


LaTeX Warning: Reference `test_8cpp' on page 7 undefined on input line 15.


LaTeX Warning: Reference `_test_jeu_8cpp' on page 7 undefined on input line 16.


) [7] [8

]
Chapitre 5.
(classarbitre.tex) (class_i_a___aleatoire.tex <./class_i_a___aleatoire__inherit
__graph.pdf>
<class_i_a___aleatoire__inherit__graph.pdf, id=148, 149.55875pt x 212.795pt>
File: class_i_a___aleatoire__inherit__graph.pdf Graphic file (type pdf)
<use class_i_a___aleatoire__inherit__graph.pdf>
Package pdftex.def Info: class_i_a___aleatoire__inherit__graph.pdf  used on inp
ut line 19.
(pdftex.def)             Requested size: 149.0pt x 212.01518pt.
 <./class_i_a___aleatoire__coll__graph.pdf>
<class_i_a___aleatoire__coll__graph.pdf, id=156, 149.55875pt x 212.795pt>
File: class_i_a___aleatoire__coll__graph.pdf Graphic file (type pdf)
<use class_i_a___aleatoire__coll__graph.pdf>
Package pdftex.def Info: class_i_a___aleatoire__coll__graph.pdf  used on input 
line 29.
(pdftex.def)             Requested size: 149.0pt x 212.01518pt.
[9]
LaTeX Font Info:    Font shape `T1/phv/m/n' will be
(Font)              scaled to size 8.09995pt on input line 36.
LaTeX Font Info:    Font shape `T1/phv/m/it' in size <9> not available
(Font)              Font shape `T1/phv/m/sl' tried instead on input line 36.
LaTeX Font Info:    Font shape `T1/phv/m/sl' will be
(Font)              scaled to size 8.09995pt on input line 36.
LaTeX Font Info:    Font shape `TS1/phv/m/it' in size <9> not available
(Font)              Font shape `TS1/phv/m/sl' tried instead on input line 45.
LaTeX Font Info:    Font shape `TS1/phv/m/sl' will be
(Font)              scaled to size 8.09995pt on input line 45.
[10]
LaTeX Font Info:    Font shape `T1/phv/b/n' will be
(Font)              scaled to size 7.19995pt on input line 99.
LaTeX Font Info:    Font shape `T1/phv/m/n' will be
(Font)              scaled to size 7.19995pt on input line 100.
LaTeX Font Info:    Font shape `T1/pcr/m/it' in size <8> not available
(Font)              Font shape `T1/pcr/m/sl' tried instead on input line 101.
! Undefined control sequence.
<argument> ...rtpbox {\@nextchar }\insert@pcolumn 
                                                  \@endpbox \do@row@strut \o...
l.108 \begin{DoxyParams}{Paramètres}
                                     
The control sequence at the end of the top line
of your error message was never \def'ed. If you have
misspelled it (e.g., `\hobx'), type `I' and the correct
spelling (e.g., `I\hbox'). Otherwise just continue,
and I'll forget about whatever was undefined.

! Undefined control sequence.
<argument> ...rtpbox {\@nextchar }\insert@pcolumn 
                                                  \@endpbox \do@row@strut \o...
l.108 \begin{DoxyParams}{Paramètres}
                                     
The control sequence at the end of the top line
of your error message was never \def'ed. If you have
misspelled it (e.g., `\hobx'), type `I' and the correct
spelling (e.g., `I\hbox'). Otherwise just continue,
and I'll forget about whatever was undefined.

! Missing # inserted in alignment preamble.
<to be read again> 
                   &
l.111 \end{DoxyParams}
                      
There should be exactly one # between &'s, when an
\halign or \valign is being set up. In this case you had
none, so I've put one in; maybe that will work.

! Missing # inserted in alignment preamble.
<to be read again> 
                   \cr 
l.111 \end{DoxyParams}
                      
There should be exactly one # between &'s, when an
\halign or \valign is being set up. In this case you had
none, so I've put one in; maybe that will work.

! Missing # inserted in alignment preamble.
<to be read again> 
                   &
l.111 \end{DoxyParams}
                      
There should be exactly one # between &'s, when an
\halign or \valign is being set up. In this case you had
none, so I've put one in; maybe that will work.

! Missing # inserted in alignment preamble.
<to be read again> 
                   \cr 
l.111 \end{DoxyParams}
                      
There should be exactly one # between &'s, when an
\halign or \valign is being set up. In this case you had
none, so I've put one in; maybe that will work.

! Missing # inserted in alignment preamble.
<to be read again> 
                   &
l.111 \end{DoxyParams}
                      
There should be exactly one # between &'s, when an
\halign or \valign is being set up. In this case you had
none, so I've put one in; maybe that will work.

! Missing # inserted in alignment preamble.
<to be read again> 
                   \cr 
l.111 \end{DoxyParams}
                      
There should be exactly one # between &'s, when an
\halign or \valign is being set up. In this case you had
none, so I've put one in; maybe that will work.

! Missing # inserted in alignment preamble.
<to be read again> 
                   &
l.111 \end{DoxyParams}
                      
There should be exactly one # between &'s, when an
\halign or \valign is being set up. In this case you had
none, so I've put one in; maybe that will work.

! Missing # inserted in alignment preamble.
<to be read again> 
                   \cr 
l.111 \end{DoxyParams}
                      
There should be exactly one # between &'s, when an
\halign or \valign is being set up. In this case you had
none, so I've put one in; maybe that will work.

! Missing # inserted in alignment preamble.
<to be read again> 
                   &
l.111 \end{DoxyParams}
                      
There should be exactly one # between &'s, when an
\halign or \valign is being set up. In this case you had
none, so I've put one in; maybe that will work.

! Missing # inserted in alignment preamble.
<to be read again> 
                   \cr 
l.111 \end{DoxyParams}
                      
There should be exactly one # between &'s, when an
\halign or \valign is being set up. In this case you had
none, so I've put one in; maybe that will work.

! Missing # inserted in alignment preamble.
<to be read again> 
                   &
l.111 \end{DoxyParams}
                      
There should be exactly one # between &'s, when an
\halign or \valign is being set up. In this case you had
none, so I've put one in; maybe that will work.

! Missing # inserted in alignment preamble.
<to be read again> 
                   \cr 
l.111 \end{DoxyParams}
                      
There should be exactly one # between &'s, when an
\halign or \valign is being set up. In this case you had
none, so I've put one in; maybe that will work.

! Missing # inserted in alignment preamble.
<to be read again> 
                   &
l.111 \end{DoxyParams}
                      
There should be exactly one # between &'s, when an
\halign or \valign is being set up. In this case you had
none, so I've put one in; maybe that will work.

! Missing # inserted in alignment preamble.
<to be read again> 
                   \cr 
l.111 \end{DoxyParams}
                      
There should be exactly one # between &'s, when an
\halign or \valign is being set up. In this case you had
none, so I've put one in; maybe that will work.

! Missing # inserted in alignment preamble.
<to be read again> 
                   &
l.111 \end{DoxyParams}
                      
There should be exactly one # between &'s, when an
\halign or \valign is being set up. In this case you had
none, so I've put one in; maybe that will work.

! Missing # inserted in alignment preamble.
<to be read again> 
                   \cr 
l.111 \end{DoxyParams}
                      
There should be exactly one # between &'s, when an
\halign or \valign is being set up. In this case you had
none, so I've put one in; maybe that will work.

! Missing # inserted in alignment preamble.
<to be read again> 
                   &
l.111 \end{DoxyParams}
                      
There should be exactly one # between &'s, when an
\halign or \valign is being set up. In this case you had
none, so I've put one in; maybe that will work.

! Missing # inserted in alignment preamble.
<to be read again> 
                   \cr 
l.111 \end{DoxyParams}
                      
There should be exactly one # between &'s, when an
\halign or \valign is being set up. In this case you had
none, so I've put one in; maybe that will work.


Package longtable Warning: Column widths have changed
(longtable)                in table 5.1 on input line 111.

 <./class_i_a___aleatoire_ae2ac25a8374a6c8f2d93bd82301ff5e9_cgraph.pdf>
<class_i_a___aleatoire_ae2ac25a8374a6c8f2d93bd82301ff5e9_cgraph.pdf, id=237, 34
6.29375pt x 100.375pt>
File: class_i_a___aleatoire_ae2ac25a8374a6c8f2d93bd82301ff5e9_cgraph.pdf Graphi
c file (type pdf)
<use class_i_a___aleatoire_ae2ac25a8374a6c8f2d93bd82301ff5e9_cgraph.pdf>
Package pdftex.def Info: class_i_a___aleatoire_ae2ac25a8374a6c8f2d93bd82301ff5e
9_cgraph.pdf  used on input line 117.
(pdftex.def)             Requested size: 345.0pt x 100.00255pt.
! Undefined control sequence.
<argument> ...rtpbox {\@nextchar }\insert@pcolumn 
                                                  \@endpbox \do@row@strut \o...
l.131 \begin{DoxyParams}{Paramètres}
                                     
The control sequence at the end of the top line
of your error message was never \def'ed. If you have
misspelled it (e.g., `\hobx'), type `I' and the correct
spelling (e.g., `I\hbox'). Otherwise just continue,
and I'll forget about whatever was undefined.

! Undefined control sequence.
<argument> ...rtpbox {\@nextchar }\insert@pcolumn 
                                                  \@endpbox \do@row@strut \o...
l.131 \begin{DoxyParams}{Paramètres}
                                     
The control sequence at the end of the top line
of your error message was never \def'ed. If you have
misspelled it (e.g., `\hobx'), type `I' and the correct
spelling (e.g., `I\hbox'). Otherwise just continue,
and I'll forget about whatever was undefined.

! Missing # inserted in alignment preamble.
<to be read again> 
                   &
l.136 \end{DoxyParams}
                      
There should be exactly one # between &'s, when an
\halign or \valign is being set up. In this case you had
none, so I've put one in; maybe that will work.

! Missing # inserted in alignment preamble.
<to be read again> 
                   \cr 
l.136 \end{DoxyParams}
                      
There should be exactly one # between &'s, when an
\halign or \valign is being set up. In this case you had
none, so I've put one in; maybe that will work.

! Missing # inserted in alignment preamble.
<to be read again> 
                   &
l.136 \end{DoxyParams}
                      
There should be exactly one # between &'s, when an
\halign or \valign is being set up. In this case you had
none, so I've put one in; maybe that will work.

! Missing # inserted in alignment preamble.
<to be read again> 
                   \cr 
l.136 \end{DoxyParams}
                      
There should be exactly one # between &'s, when an
\halign or \valign is being set up. In this case you had
none, so I've put one in; maybe that will work.

! Missing # inserted in alignment preamble.
<to be read again> 
                   &
l.136 \end{DoxyParams}
                      
There should be exactly one # between &'s, when an
\halign or \valign is being set up. In this case you had
none, so I've put one in; maybe that will work.

! Missing # inserted in alignment preamble.
<to be read again> 
                   \cr 
l.136 \end{DoxyParams}
                      
There should be exactly one # between &'s, when an
\halign or \valign is being set up. In this case you had
none, so I've put one in; maybe that will work.

! Missing # inserted in alignment preamble.
<to be read again> 
                   &
l.136 \end{DoxyParams}
                      
There should be exactly one # between &'s, when an
\halign or \valign is being set up. In this case you had
none, so I've put one in; maybe that will work.

! Missing # inserted in alignment preamble.
<to be read again> 
                   \cr 
l.136 \end{DoxyParams}
                      
There should be exactly one # between &'s, when an
\halign or \valign is being set up. In this case you had
none, so I've put one in; maybe that will work.

! Missing # inserted in alignment preamble.
<to be read again> 
                   &
l.136 \end{DoxyParams}
                      
There should be exactly one # between &'s, when an
\halign or \valign is being set up. In this case you had
none, so I've put one in; maybe that will work.

! Missing # inserted in alignment preamble.
<to be read again> 
                   \cr 
l.136 \end{DoxyParams}
                      
There should be exactly one # between &'s, when an
\halign or \valign is being set up. In this case you had
none, so I've put one in; maybe that will work.

! Missing # inserted in alignment preamble.
<to be read again> 
                   &
l.136 \end{DoxyParams}
                      
There should be exactly one # between &'s, when an
\halign or \valign is being set up. In this case you had
none, so I've put one in; maybe that will work.

! Missing # inserted in alignment preamble.
<to be read again> 
                   \cr 
l.136 \end{DoxyParams}
                      
There should be exactly one # between &'s, when an
\halign or \valign is being set up. In this case you had
none, so I've put one in; maybe that will work.

! Missing # inserted in alignment preamble.
<to be read again> 
                   &
l.136 \end{DoxyParams}
                      
There should be exactly one # between &'s, when an
\halign or \valign is being set up. In this case you had
none, so I've put one in; maybe that will work.

! Missing # inserted in alignment preamble.
<to be read again> 
                   \cr 
l.136 \end{DoxyParams}
                      
There should be exactly one # between &'s, when an
\halign or \valign is being set up. In this case you had
none, so I've put one in; maybe that will work.

! Missing # inserted in alignment preamble.
<to be read again> 
                   &
l.136 \end{DoxyParams}
                      
There should be exactly one # between &'s, when an
\halign or \valign is being set up. In this case you had
none, so I've put one in; maybe that will work.

! Missing # inserted in alignment preamble.
<to be read again> 
                   \cr 
l.136 \end{DoxyParams}
                      
There should be exactly one # between &'s, when an
\halign or \valign is being set up. In this case you had
none, so I've put one in; maybe that will work.

! Missing # inserted in alignment preamble.
<to be read again> 
                   &
l.136 \end{DoxyParams}
                      
There should be exactly one # between &'s, when an
\halign or \valign is being set up. In this case you had
none, so I've put one in; maybe that will work.

! Missing # inserted in alignment preamble.
<to be read again> 
                   \cr 
l.136 \end{DoxyParams}
                      
There should be exactly one # between &'s, when an
\halign or \valign is being set up. In this case you had
none, so I've put one in; maybe that will work.


Package longtable Warning: Column widths have changed
(longtable)                in table 5.2 on input line 136.

 <./class_i_a___aleatoire_a924d517d9e1618f248e09b0d88cdaf8d_cgraph.pdf>
<class_i_a___aleatoire_a924d517d9e1618f248e09b0d88cdaf8d_cgraph.pdf, id=245, 34
6.29375pt x 100.375pt>
File: class_i_a___aleatoire_a924d517d9e1618f248e09b0d88cdaf8d_cgraph.pdf Graphi
c file (type pdf)
<use class_i_a___aleatoire_a924d517d9e1618f248e09b0d88cdaf8d_cgraph.pdf>
Package pdftex.def Info: class_i_a___aleatoire_a924d517d9e1618f248e09b0d88cdaf8
d_cgraph.pdf  used on input line 142.
(pdftex.def)             Requested size: 345.0pt x 100.00255pt.
[11]
! Undefined control sequence.
<argument> ...rtpbox {\@nextchar }\insert@pcolumn 
                                                  \@endpbox \do@row@strut \o...
l.156 \begin{DoxyParams}{Paramètres}
                                     
The control sequence at the end of the top line
of your error message was never \def'ed. If you have
misspelled it (e.g., `\hobx'), type `I' and the correct
spelling (e.g., `I\hbox'). Otherwise just continue,
and I'll forget about whatever was undefined.

! Undefined control sequence.
<argument> ...rtpbox {\@nextchar }\insert@pcolumn 
                                                  \@endpbox \do@row@strut \o...
l.156 \begin{DoxyParams}{Paramètres}
                                     
The control sequence at the end of the top line
of your error message was never \def'ed. If you have
misspelled it (e.g., `\hobx'), type `I' and the correct
spelling (e.g., `I\hbox'). Otherwise just continue,
and I'll forget about whatever was undefined.

! Missing # inserted in alignment preamble.
<to be read again> 
                   &
l.159 \end{DoxyParams}
                      
There should be exactly one # between &'s, when an
\halign or \valign is being set up. In this case you had
none, so I've put one in; maybe that will work.

! Missing # inserted in alignment preamble.
<to be read again> 
                   \cr 
l.159 \end{DoxyParams}
                      
There should be exactly one # between &'s, when an
\halign or \valign is being set up. In this case you had
none, so I've put one in; maybe that will work.

! Missing # inserted in alignment preamble.
<to be read again> 
                   &
l.159 \end{DoxyParams}
                      
There should be exactly one # between &'s, when an
\halign or \valign is being set up. In this case you had
none, so I've put one in; maybe that will work.

! Missing # inserted in alignment preamble.
<to be read again> 
                   \cr 
l.159 \end{DoxyParams}
                      
There should be exactly one # between &'s, when an
\halign or \valign is being set up. In this case you had
none, so I've put one in; maybe that will work.

! Missing # inserted in alignment preamble.
<to be read again> 
                   &
l.159 \end{DoxyParams}
                      
There should be exactly one # between &'s, when an
\halign or \valign is being set up. In this case you had
none, so I've put one in; maybe that will work.

! Missing # inserted in alignment preamble.
<to be read again> 
                   \cr 
l.159 \end{DoxyParams}
                      
There should be exactly one # between &'s, when an
\halign or \valign is being set up. In this case you had
none, so I've put one in; maybe that will work.

! Missing # inserted in alignment preamble.
<to be read again> 
                   &
l.159 \end{DoxyParams}
                      
There should be exactly one # between &'s, when an
\halign or \valign is being set up. In this case you had
none, so I've put one in; maybe that will work.

! Missing # inserted in alignment preamble.
<to be read again> 
                   \cr 
l.159 \end{DoxyParams}
                      
There should be exactly one # between &'s, when an
\halign or \valign is being set up. In this case you had
none, so I've put one in; maybe that will work.

! Missing # inserted in alignment preamble.
<to be read again> 
                   &
l.159 \end{DoxyParams}
                      
There should be exactly one # between &'s, when an
\halign or \valign is being set up. In this case you had
none, so I've put one in; maybe that will work.

! Missing # inserted in alignment preamble.
<to be read again> 
                   \cr 
l.159 \end{DoxyParams}
                      
There should be exactly one # between &'s, when an
\halign or \valign is being set up. In this case you had
none, so I've put one in; maybe that will work.

! Missing # inserted in alignment preamble.
<to be read again> 
                   &
l.159 \end{DoxyParams}
                      
There should be exactly one # between &'s, when an
\halign or \valign is being set up. In this case you had
none, so I've put one in; maybe that will work.

! Missing # inserted in alignment preamble.
<to be read again> 
                   \cr 
l.159 \end{DoxyParams}
                      
There should be exactly one # between &'s, when an
\halign or \valign is being set up. In this case you had
none, so I've put one in; maybe that will work.

! Missing # inserted in alignment preamble.
<to be read again> 
                   &
l.159 \end{DoxyParams}
                      
There should be exactly one # between &'s, when an
\halign or \valign is being set up. In this case you had
none, so I've put one in; maybe that will work.

! Missing # inserted in alignment preamble.
<to be read again> 
                   \cr 
l.159 \end{DoxyParams}
                      
There should be exactly one # between &'s, when an
\halign or \valign is being set up. In this case you had
none, so I've put one in; maybe that will work.

! Missing # inserted in alignment preamble.
<to be read again> 
                   &
l.159 \end{DoxyParams}
                      
There should be exactly one # between &'s, when an
\halign or \valign is being set up. In this case you had
none, so I've put one in; maybe that will work.

! Missing # inserted in alignment preamble.
<to be read again> 
                   \cr 
l.159 \end{DoxyParams}
                      
There should be exactly one # between &'s, when an
\halign or \valign is being set up. In this case you had
none, so I've put one in; maybe that will work.

! Missing # inserted in alignment preamble.
<to be read again> 
                   &
l.159 \end{DoxyParams}
                      
There should be exactly one # between &'s, when an
\halign or \valign is being set up. In this case you had
none, so I've put one in; maybe that will work.

! Missing # inserted in alignment preamble.
<to be read again> 
                   \cr 
l.159 \end{DoxyParams}
                      
There should be exactly one # between &'s, when an
\halign or \valign is being set up. In this case you had
none, so I've put one in; maybe that will work.


Package longtable Warning: Column widths have changed
(longtable)                in table 5.3 on input line 159.

 <./class_i_a___aleatoire_a24a83b09eeb1c4cbfb26ca1d6cfcb6c3_cgraph.pdf>
<class_i_a___aleatoire_a24a83b09eeb1c4cbfb26ca1d6cfcb6c3_cgraph.pdf, id=276, 51
0.90875pt x 119.44624pt>
File: class_i_a___aleatoire_a24a83b09eeb1c4cbfb26ca1d6cfcb6c3_cgraph.pdf Graphi
c file (type pdf)
<use class_i_a___aleatoire_a24a83b09eeb1c4cbfb26ca1d6cfcb6c3_cgraph.pdf>
Package pdftex.def Info: class_i_a___aleatoire_a24a83b09eeb1c4cbfb26ca1d6cfcb6c
3_cgraph.pdf  used on input line 165.
(pdftex.def)             Requested size: 350.0pt x 81.82564pt.
! Undefined control sequence.
<argument> ...rtpbox {\@nextchar }\insert@pcolumn 
                                                  \@endpbox \do@row@strut \o...
l.182 \begin{DoxyParams}{Paramètres}
                                     
The control sequence at the end of the top line
of your error message was never \def'ed. If you have
misspelled it (e.g., `\hobx'), type `I' and the correct
spelling (e.g., `I\hbox'). Otherwise just continue,
and I'll forget about whatever was undefined.

! Undefined control sequence.
<argument> ...rtpbox {\@nextchar }\insert@pcolumn 
                                                  \@endpbox \do@row@strut \o...
l.182 \begin{DoxyParams}{Paramètres}
                                     
The control sequence at the end of the top line
of your error message was never \def'ed. If you have
misspelled it (e.g., `\hobx'), type `I' and the correct
spelling (e.g., `I\hbox'). Otherwise just continue,
and I'll forget about whatever was undefined.

! Missing # inserted in alignment preamble.
<to be read again> 
                   &
l.185 \end{DoxyParams}
                      
There should be exactly one # between &'s, when an
\halign or \valign is being set up. In this case you had
none, so I've put one in; maybe that will work.

! Missing # inserted in alignment preamble.
<to be read again> 
                   \cr 
l.185 \end{DoxyParams}
                      
There should be exactly one # between &'s, when an
\halign or \valign is being set up. In this case you had
none, so I've put one in; maybe that will work.

! Missing # inserted in alignment preamble.
<to be read again> 
                   &
l.185 \end{DoxyParams}
                      
There should be exactly one # between &'s, when an
\halign or \valign is being set up. In this case you had
none, so I've put one in; maybe that will work.

! Missing # inserted in alignment preamble.
<to be read again> 
                   \cr 
l.185 \end{DoxyParams}
                      
There should be exactly one # between &'s, when an
\halign or \valign is being set up. In this case you had
none, so I've put one in; maybe that will work.

! Missing # inserted in alignment preamble.
<to be read again> 
                   &
l.185 \end{DoxyParams}
                      
There should be exactly one # between &'s, when an
\halign or \valign is being set up. In this case you had
none, so I've put one in; maybe that will work.

! Missing # inserted in alignment preamble.
<to be read again> 
                   \cr 
l.185 \end{DoxyParams}
                      
There should be exactly one # between &'s, when an
\halign or \valign is being set up. In this case you had
none, so I've put one in; maybe that will work.

! Missing # inserted in alignment preamble.
<to be read again> 
                   &
l.185 \end{DoxyParams}
                      
There should be exactly one # between &'s, when an
\halign or \valign is being set up. In this case you had
none, so I've put one in; maybe that will work.

! Missing # inserted in alignment preamble.
<to be read again> 
                   \cr 
l.185 \end{DoxyParams}
                      
There should be exactly one # between &'s, when an
\halign or \valign is being set up. In this case you had
none, so I've put one in; maybe that will work.

! Missing # inserted in alignment preamble.
<to be read again> 
                   &
l.185 \end{DoxyParams}
                      
There should be exactly one # between &'s, when an
\halign or \valign is being set up. In this case you had
none, so I've put one in; maybe that will work.

! Missing # inserted in alignment preamble.
<to be read again> 
                   \cr 
l.185 \end{DoxyParams}
                      
There should be exactly one # between &'s, when an
\halign or \valign is being set up. In this case you had
none, so I've put one in; maybe that will work.

! Missing # inserted in alignment preamble.
<to be read again> 
                   &
l.185 \end{DoxyParams}
                      
There should be exactly one # between &'s, when an
\halign or \valign is being set up. In this case you had
none, so I've put one in; maybe that will work.

! Missing # inserted in alignment preamble.
<to be read again> 
                   \cr 
l.185 \end{DoxyParams}
                      
There should be exactly one # between &'s, when an
\halign or \valign is being set up. In this case you had
none, so I've put one in; maybe that will work.

! Missing # inserted in alignment preamble.
<to be read again> 
                   &
l.185 \end{DoxyParams}
                      
There should be exactly one # between &'s, when an
\halign or \valign is being set up. In this case you had
none, so I've put one in; maybe that will work.

! Missing # inserted in alignment preamble.
<to be read again> 
                   \cr 
l.185 \end{DoxyParams}
                      
There should be exactly one # between &'s, when an
\halign or \valign is being set up. In this case you had
none, so I've put one in; maybe that will work.

! Missing # inserted in alignment preamble.
<to be read again> 
                   &
l.185 \end{DoxyParams}
                      
There should be exactly one # between &'s, when an
\halign or \valign is being set up. In this case you had
none, so I've put one in; maybe that will work.

! Missing # inserted in alignment preamble.
<to be read again> 
                   \cr 
l.185 \end{DoxyParams}
                      
There should be exactly one # between &'s, when an
\halign or \valign is being set up. In this case you had
none, so I've put one in; maybe that will work.

! Missing # inserted in alignment preamble.
<to be read again> 
                   &
l.185 \end{DoxyParams}
                      
There should be exactly one # between &'s, when an
\halign or \valign is being set up. In this case you had
none, so I've put one in; maybe that will work.

! Missing # inserted in alignment preamble.
<to be read again> 
                   \cr 
l.185 \end{DoxyParams}
                      
There should be exactly one # between &'s, when an
\halign or \valign is being set up. In this case you had
none, so I've put one in; maybe that will work.


Package longtable Warning: Column widths have changed
(longtable)                in table 5.4 on input line 185.


Underfull \hbox (badness 10000) detected at line 186
[][][]
 []

 <./class_i_a___aleatoire_a9016158ef8da47a6c9c4e4ab4453a1cc_cgraph.pdf>
<class_i_a___aleatoire_a9016158ef8da47a6c9c4e4ab4453a1cc_cgraph.pdf, id=286, 50
8.90125pt x 188.705pt>
File: class_i_a___aleatoire_a9016158ef8da47a6c9c4e4ab4453a1cc_cgraph.pdf Graphi
c file (type pdf)
<use class_i_a___aleatoire_a9016158ef8da47a6c9c4e4ab4453a1cc_cgraph.pdf>
Package pdftex.def Info: class_i_a___aleatoire_a9016158ef8da47a6c9c4e4ab4453a1c
c_cgraph.pdf  used on input line 198.
(pdftex.def)             Requested size: 350.0pt x 129.78906pt.
[12]
! Undefined control sequence.
<argument> ...rtpbox {\@nextchar }\insert@pcolumn 
                                                  \@endpbox \do@row@strut \o...
l.212 \begin{DoxyParams}{Paramètres}
                                     
The control sequence at the end of the top line
of your error message was never \def'ed. If you have
misspelled it (e.g., `\hobx'), type `I' and the correct
spelling (e.g., `I\hbox'). Otherwise just continue,
and I'll forget about whatever was undefined.

! Undefined control sequence.
<argument> ...rtpbox {\@nextchar }\insert@pcolumn 
                                                  \@endpbox \do@row@strut \o...
l.212 \begin{DoxyParams}{Paramètres}
                                     
The control sequence at the end of the top line
of your error message was never \def'ed. If you have
misspelled it (e.g., `\hobx'), type `I' and the correct
spelling (e.g., `I\hbox'). Otherwise just continue,
and I'll forget about whatever was undefined.

! Missing # inserted in alignment preamble.
<to be read again> 
                   &
l.215 \end{DoxyParams}
                      
There should be exactly one # between &'s, when an
\halign or \valign is being set up. In this case you had
none, so I've put one in; maybe that will work.

! Missing # inserted in alignment preamble.
<to be read again> 
                   \cr 
l.215 \end{DoxyParams}
                      
There should be exactly one # between &'s, when an
\halign or \valign is being set up. In this case you had
none, so I've put one in; maybe that will work.

! Missing # inserted in alignment preamble.
<to be read again> 
                   &
l.215 \end{DoxyParams}
                      
There should be exactly one # between &'s, when an
\halign or \valign is being set up. In this case you had
none, so I've put one in; maybe that will work.

! Missing # inserted in alignment preamble.
<to be read again> 
                   \cr 
l.215 \end{DoxyParams}
                      
There should be exactly one # between &'s, when an
\halign or \valign is being set up. In this case you had
none, so I've put one in; maybe that will work.

! Missing # inserted in alignment preamble.
<to be read again> 
                   &
l.215 \end{DoxyParams}
                      
There should be exactly one # between &'s, when an
\halign or \valign is being set up. In this case you had
none, so I've put one in; maybe that will work.

! Missing # inserted in alignment preamble.
<to be read again> 
                   \cr 
l.215 \end{DoxyParams}
                      
There should be exactly one # between &'s, when an
\halign or \valign is being set up. In this case you had
none, so I've put one in; maybe that will work.

! Missing # inserted in alignment preamble.
<to be read again> 
                   &
l.215 \end{DoxyParams}
                      
There should be exactly one # between &'s, when an
\halign or \valign is being set up. In this case you had
none, so I've put one in; maybe that will work.

! Missing # inserted in alignment preamble.
<to be read again> 
                   \cr 
l.215 \end{DoxyParams}
                      
There should be exactly one # between &'s, when an
\halign or \valign is being set up. In this case you had
none, so I've put one in; maybe that will work.

! Missing # inserted in alignment preamble.
<to be read again> 
                   &
l.215 \end{DoxyParams}
                      
There should be exactly one # between &'s, when an
\halign or \valign is being set up. In this case you had
none, so I've put one in; maybe that will work.

! Missing # inserted in alignment preamble.
<to be read again> 
                   \cr 
l.215 \end{DoxyParams}
                      
There should be exactly one # between &'s, when an
\halign or \valign is being set up. In this case you had
none, so I've put one in; maybe that will work.

! Missing # inserted in alignment preamble.
<to be read again> 
                   &
l.215 \end{DoxyParams}
                      
There should be exactly one # between &'s, when an
\halign or \valign is being set up. In this case you had
none, so I've put one in; maybe that will work.

! Missing # inserted in alignment preamble.
<to be read again> 
                   \cr 
l.215 \end{DoxyParams}
                      
There should be exactly one # between &'s, when an
\halign or \valign is being set up. In this case you had
none, so I've put one in; maybe that will work.

! Missing # inserted in alignment preamble.
<to be read again> 
                   &
l.215 \end{DoxyParams}
                      
There should be exactly one # between &'s, when an
\halign or \valign is being set up. In this case you had
none, so I've put one in; maybe that will work.

! Missing # inserted in alignment preamble.
<to be read again> 
                   \cr 
l.215 \end{DoxyParams}
                      
There should be exactly one # between &'s, when an
\halign or \valign is being set up. In this case you had
none, so I've put one in; maybe that will work.

! Missing # inserted in alignment preamble.
<to be read again> 
                   &
l.215 \end{DoxyParams}
                      
There should be exactly one # between &'s, when an
\halign or \valign is being set up. In this case you had
none, so I've put one in; maybe that will work.

! Missing # inserted in alignment preamble.
<to be read again> 
                   \cr 
l.215 \end{DoxyParams}
                      
There should be exactly one # between &'s, when an
\halign or \valign is being set up. In this case you had
none, so I've put one in; maybe that will work.

! Missing # inserted in alignment preamble.
<to be read again> 
                   &
l.215 \end{DoxyParams}
                      
There should be exactly one # between &'s, when an
\halign or \valign is being set up. In this case you had
none, so I've put one in; maybe that will work.

! Missing # inserted in alignment preamble.
<to be read again> 
                   \cr 
l.215 \end{DoxyParams}
                      
There should be exactly one # between &'s, when an
\halign or \valign is being set up. In this case you had
none, so I've put one in; maybe that will work.


Package longtable Warning: Column widths have changed
(longtable)                in table 5.5 on input line 215.


Underfull \hbox (badness 10000) detected at line 216
[][][]
 []

 <./class_i_a___aleatoire_a11235eb8526aae33b35bda658654a39f_cgraph.pdf>
<class_i_a___aleatoire_a11235eb8526aae33b35bda658654a39f_cgraph.pdf, id=312, 49
8.86375pt x 138.5175pt>
File: class_i_a___aleatoire_a11235eb8526aae33b35bda658654a39f_cgraph.pdf Graphi
c file (type pdf)
<use class_i_a___aleatoire_a11235eb8526aae33b35bda658654a39f_cgraph.pdf>
Package pdftex.def Info: class_i_a___aleatoire_a11235eb8526aae33b35bda658654a39
f_cgraph.pdf  used on input line 224.
(pdftex.def)             Requested size: 350.0pt x 97.18562pt.
) (class_i_a___min_max.tex <./class_i_a___min_max__inherit__graph.pdf>
<class_i_a___min_max__inherit__graph.pdf, id=320, 146.5475pt x 212.795pt>
File: class_i_a___min_max__inherit__graph.pdf Graphic file (type pdf)
<use class_i_a___min_max__inherit__graph.pdf>
Package pdftex.def Info: class_i_a___min_max__inherit__graph.pdf  used on input
 line 19.
(pdftex.def)             Requested size: 146.0pt x 211.99895pt.
[13] <./class_i_a___min_max__coll__graph.pdf>
<class_i_a___min_max__coll__graph.pdf, id=339, 146.5475pt x 212.795pt>
File: class_i_a___min_max__coll__graph.pdf Graphic file (type pdf)
<use class_i_a___min_max__coll__graph.pdf>
Package pdftex.def Info: class_i_a___min_max__coll__graph.pdf  used on input li
ne 29.
(pdftex.def)             Requested size: 146.0pt x 211.99895pt.
LaTeX Font Info:    Font shape `T1/phv/m/it' in size <7> not available
(Font)              Font shape `T1/phv/m/sl' tried instead on input line 47.
LaTeX Font Info:    Font shape `T1/phv/m/sl' will be
(Font)              scaled to size 6.29996pt on input line 47.
[14]
LaTeX Font Info:    Font shape `T1/pcr/m/it' in size <7> not available
(Font)              Font shape `T1/pcr/m/sl' tried instead on input line 116.
! Undefined control sequence.
<argument> ...rtpbox {\@nextchar }\insert@pcolumn 
                                                  \@endpbox \do@row@strut \o...
l.123 \begin{DoxyParams}{Paramètres}
                                     
The control sequence at the end of the top line
of your error message was never \def'ed. If you have
misspelled it (e.g., `\hobx'), type `I' and the correct
spelling (e.g., `I\hbox'). Otherwise just continue,
and I'll forget about whatever was undefined.

! Undefined control sequence.
<argument> ...rtpbox {\@nextchar }\insert@pcolumn 
                                                  \@endpbox \do@row@strut \o...
l.123 \begin{DoxyParams}{Paramètres}
                                     
The control sequence at the end of the top line
of your error message was never \def'ed. If you have
misspelled it (e.g., `\hobx'), type `I' and the correct
spelling (e.g., `I\hbox'). Otherwise just continue,
and I'll forget about whatever was undefined.

! Missing # inserted in alignment preamble.
<to be read again> 
                   &
l.130 \end{DoxyParams}
                      
There should be exactly one # between &'s, when an
\halign or \valign is being set up. In this case you had
none, so I've put one in; maybe that will work.

! Missing # inserted in alignment preamble.
<to be read again> 
                   \cr 
l.130 \end{DoxyParams}
                      
There should be exactly one # between &'s, when an
\halign or \valign is being set up. In this case you had
none, so I've put one in; maybe that will work.

! Missing # inserted in alignment preamble.
<to be read again> 
                   &
l.130 \end{DoxyParams}
                      
There should be exactly one # between &'s, when an
\halign or \valign is being set up. In this case you had
none, so I've put one in; maybe that will work.

! Missing # inserted in alignment preamble.
<to be read again> 
                   \cr 
l.130 \end{DoxyParams}
                      
There should be exactly one # between &'s, when an
\halign or \valign is being set up. In this case you had
none, so I've put one in; maybe that will work.

! Missing # inserted in alignment preamble.
<to be read again> 
                   &
l.130 \end{DoxyParams}
                      
There should be exactly one # between &'s, when an
\halign or \valign is being set up. In this case you had
none, so I've put one in; maybe that will work.

! Missing # inserted in alignment preamble.
<to be read again> 
                   \cr 
l.130 \end{DoxyParams}
                      
There should be exactly one # between &'s, when an
\halign or \valign is being set up. In this case you had
none, so I've put one in; maybe that will work.

! Missing # inserted in alignment preamble.
<to be read again> 
                   &
l.130 \end{DoxyParams}
                      
There should be exactly one # between &'s, when an
\halign or \valign is being set up. In this case you had
none, so I've put one in; maybe that will work.

! Missing # inserted in alignment preamble.
<to be read again> 
                   \cr 
l.130 \end{DoxyParams}
                      
There should be exactly one # between &'s, when an
\halign or \valign is being set up. In this case you had
none, so I've put one in; maybe that will work.

! Missing # inserted in alignment preamble.
<to be read again> 
                   &
l.130 \end{DoxyParams}
                      
There should be exactly one # between &'s, when an
\halign or \valign is being set up. In this case you had
none, so I've put one in; maybe that will work.

! Missing # inserted in alignment preamble.
<to be read again> 
                   \cr 
l.130 \end{DoxyParams}
                      
There should be exactly one # between &'s, when an
\halign or \valign is being set up. In this case you had
none, so I've put one in; maybe that will work.

! Missing # inserted in alignment preamble.
<to be read again> 
                   &
l.130 \end{DoxyParams}
                      
There should be exactly one # between &'s, when an
\halign or \valign is being set up. In this case you had
none, so I've put one in; maybe that will work.

! Missing # inserted in alignment preamble.
<to be read again> 
                   \cr 
l.130 \end{DoxyParams}
                      
There should be exactly one # between &'s, when an
\halign or \valign is being set up. In this case you had
none, so I've put one in; maybe that will work.

! Missing # inserted in alignment preamble.
<to be read again> 
                   &
l.130 \end{DoxyParams}
                      
There should be exactly one # between &'s, when an
\halign or \valign is being set up. In this case you had
none, so I've put one in; maybe that will work.

! Missing # inserted in alignment preamble.
<to be read again> 
                   \cr 
l.130 \end{DoxyParams}
                      
There should be exactly one # between &'s, when an
\halign or \valign is being set up. In this case you had
none, so I've put one in; maybe that will work.

! Missing # inserted in alignment preamble.
<to be read again> 
                   &
l.130 \end{DoxyParams}
                      
There should be exactly one # between &'s, when an
\halign or \valign is being set up. In this case you had
none, so I've put one in; maybe that will work.

! Missing # inserted in alignment preamble.
<to be read again> 
                   \cr 
l.130 \end{DoxyParams}
                      
There should be exactly one # between &'s, when an
\halign or \valign is being set up. In this case you had
none, so I've put one in; maybe that will work.

! Missing # inserted in alignment preamble.
<to be read again> 
                   &
l.130 \end{DoxyParams}
                      
There should be exactly one # between &'s, when an
\halign or \valign is being set up. In this case you had
none, so I've put one in; maybe that will work.

! Missing # inserted in alignment preamble.
<to be read again> 
                   \cr 
l.130 \end{DoxyParams}
                      
There should be exactly one # between &'s, when an
\halign or \valign is being set up. In this case you had
none, so I've put one in; maybe that will work.

[15] [16]

Package longtable Warning: Column widths have changed
(longtable)                in table 5.6 on input line 130.

 <./class_i_a___min_max_a350b220b2dbaa4ece7fb35addfc9a0d1_cgraph.pdf>
<class_i_a___min_max_a350b220b2dbaa4ece7fb35addfc9a0d1_cgraph.pdf, id=423, 338.
26375pt x 100.375pt>
File: class_i_a___min_max_a350b220b2dbaa4ece7fb35addfc9a0d1_cgraph.pdf Graphic 
file (type pdf)
<use class_i_a___min_max_a350b220b2dbaa4ece7fb35addfc9a0d1_cgraph.pdf>
Package pdftex.def Info: class_i_a___min_max_a350b220b2dbaa4ece7fb35addfc9a0d1_
cgraph.pdf  used on input line 136.
(pdftex.def)             Requested size: 337.0pt x 100.00255pt.
! Undefined control sequence.
<argument> ...rtpbox {\@nextchar }\insert@pcolumn 
                                                  \@endpbox \do@row@strut \o...
l.150 \begin{DoxyParams}{Paramètres}
                                     
The control sequence at the end of the top line
of your error message was never \def'ed. If you have
misspelled it (e.g., `\hobx'), type `I' and the correct
spelling (e.g., `I\hbox'). Otherwise just continue,
and I'll forget about whatever was undefined.

! Undefined control sequence.
<argument> ...rtpbox {\@nextchar }\insert@pcolumn 
                                                  \@endpbox \do@row@strut \o...
l.150 \begin{DoxyParams}{Paramètres}
                                     
The control sequence at the end of the top line
of your error message was never \def'ed. If you have
misspelled it (e.g., `\hobx'), type `I' and the correct
spelling (e.g., `I\hbox'). Otherwise just continue,
and I'll forget about whatever was undefined.

! Missing # inserted in alignment preamble.
<to be read again> 
                   &
l.153 \end{DoxyParams}
                      
There should be exactly one # between &'s, when an
\halign or \valign is being set up. In this case you had
none, so I've put one in; maybe that will work.

! Missing # inserted in alignment preamble.
<to be read again> 
                   \cr 
l.153 \end{DoxyParams}
                      
There should be exactly one # between &'s, when an
\halign or \valign is being set up. In this case you had
none, so I've put one in; maybe that will work.

! Missing # inserted in alignment preamble.
<to be read again> 
                   &
l.153 \end{DoxyParams}
                      
There should be exactly one # between &'s, when an
\halign or \valign is being set up. In this case you had
none, so I've put one in; maybe that will work.

! Missing # inserted in alignment preamble.
<to be read again> 
                   \cr 
l.153 \end{DoxyParams}
                      
There should be exactly one # between &'s, when an
\halign or \valign is being set up. In this case you had
none, so I've put one in; maybe that will work.

! Missing # inserted in alignment preamble.
<to be read again> 
                   &
l.153 \end{DoxyParams}
                      
There should be exactly one # between &'s, when an
\halign or \valign is being set up. In this case you had
none, so I've put one in; maybe that will work.

! Missing # inserted in alignment preamble.
<to be read again> 
                   \cr 
l.153 \end{DoxyParams}
                      
There should be exactly one # between &'s, when an
\halign or \valign is being set up. In this case you had
none, so I've put one in; maybe that will work.

! Missing # inserted in alignment preamble.
<to be read again> 
                   &
l.153 \end{DoxyParams}
                      
There should be exactly one # between &'s, when an
\halign or \valign is being set up. In this case you had
none, so I've put one in; maybe that will work.

! Missing # inserted in alignment preamble.
<to be read again> 
                   \cr 
l.153 \end{DoxyParams}
                      
There should be exactly one # between &'s, when an
\halign or \valign is being set up. In this case you had
none, so I've put one in; maybe that will work.

! Missing # inserted in alignment preamble.
<to be read again> 
                   &
l.153 \end{DoxyParams}
                      
There should be exactly one # between &'s, when an
\halign or \valign is being set up. In this case you had
none, so I've put one in; maybe that will work.

! Missing # inserted in alignment preamble.
<to be read again> 
                   \cr 
l.153 \end{DoxyParams}
                      
There should be exactly one # between &'s, when an
\halign or \valign is being set up. In this case you had
none, so I've put one in; maybe that will work.

! Missing # inserted in alignment preamble.
<to be read again> 
                   &
l.153 \end{DoxyParams}
                      
There should be exactly one # between &'s, when an
\halign or \valign is being set up. In this case you had
none, so I've put one in; maybe that will work.

! Missing # inserted in alignment preamble.
<to be read again> 
                   \cr 
l.153 \end{DoxyParams}
                      
There should be exactly one # between &'s, when an
\halign or \valign is being set up. In this case you had
none, so I've put one in; maybe that will work.

! Missing # inserted in alignment preamble.
<to be read again> 
                   &
l.153 \end{DoxyParams}
                      
There should be exactly one # between &'s, when an
\halign or \valign is being set up. In this case you had
none, so I've put one in; maybe that will work.

! Missing # inserted in alignment preamble.
<to be read again> 
                   \cr 
l.153 \end{DoxyParams}
                      
There should be exactly one # between &'s, when an
\halign or \valign is being set up. In this case you had
none, so I've put one in; maybe that will work.

! Missing # inserted in alignment preamble.
<to be read again> 
                   &
l.153 \end{DoxyParams}
                      
There should be exactly one # between &'s, when an
\halign or \valign is being set up. In this case you had
none, so I've put one in; maybe that will work.

! Missing # inserted in alignment preamble.
<to be read again> 
                   \cr 
l.153 \end{DoxyParams}
                      
There should be exactly one # between &'s, when an
\halign or \valign is being set up. In this case you had
none, so I've put one in; maybe that will work.

! Missing # inserted in alignment preamble.
<to be read again> 
                   &
l.153 \end{DoxyParams}
                      
There should be exactly one # between &'s, when an
\halign or \valign is being set up. In this case you had
none, so I've put one in; maybe that will work.

! Missing # inserted in alignment preamble.
<to be read again> 
                   \cr 
l.153 \end{DoxyParams}
                      
There should be exactly one # between &'s, when an
\halign or \valign is being set up. In this case you had
none, so I've put one in; maybe that will work.


Package longtable Warning: Column widths have changed
(longtable)                in table 5.7 on input line 153.

 <./class_i_a___min_max_ae4e127d8510d80f6486c11e1d7cf7b84_cgraph.pdf>
<class_i_a___min_max_ae4e127d8510d80f6486c11e1d7cf7b84_cgraph.pdf, id=431, 338.
26375pt x 100.375pt>
File: class_i_a___min_max_ae4e127d8510d80f6486c11e1d7cf7b84_cgraph.pdf Graphic 
file (type pdf)
<use class_i_a___min_max_ae4e127d8510d80f6486c11e1d7cf7b84_cgraph.pdf>
Package pdftex.def Info: class_i_a___min_max_ae4e127d8510d80f6486c11e1d7cf7b84_
cgraph.pdf  used on input line 159.
(pdftex.def)             Requested size: 337.0pt x 100.00255pt.
! Undefined control sequence.
<argument> ...rtpbox {\@nextchar }\insert@pcolumn 
                                                  \@endpbox \do@row@strut \o...
l.173 \begin{DoxyParams}{Paramètres}
                                     
The control sequence at the end of the top line
of your error message was never \def'ed. If you have
misspelled it (e.g., `\hobx'), type `I' and the correct
spelling (e.g., `I\hbox'). Otherwise just continue,
and I'll forget about whatever was undefined.

! Undefined control sequence.
<argument> ...rtpbox {\@nextchar }\insert@pcolumn 
                                                  \@endpbox \do@row@strut \o...
l.173 \begin{DoxyParams}{Paramètres}
                                     
The control sequence at the end of the top line
of your error message was never \def'ed. If you have
misspelled it (e.g., `\hobx'), type `I' and the correct
spelling (e.g., `I\hbox'). Otherwise just continue,
and I'll forget about whatever was undefined.

! Missing # inserted in alignment preamble.
<to be read again> 
                   &
l.176 \end{DoxyParams}
                      
There should be exactly one # between &'s, when an
\halign or \valign is being set up. In this case you had
none, so I've put one in; maybe that will work.

! Missing # inserted in alignment preamble.
<to be read again> 
                   \cr 
l.176 \end{DoxyParams}
                      
There should be exactly one # between &'s, when an
\halign or \valign is being set up. In this case you had
none, so I've put one in; maybe that will work.

! Missing # inserted in alignment preamble.
<to be read again> 
                   &
l.176 \end{DoxyParams}
                      
There should be exactly one # between &'s, when an
\halign or \valign is being set up. In this case you had
none, so I've put one in; maybe that will work.

! Missing # inserted in alignment preamble.
<to be read again> 
                   \cr 
l.176 \end{DoxyParams}
                      
There should be exactly one # between &'s, when an
\halign or \valign is being set up. In this case you had
none, so I've put one in; maybe that will work.

! Missing # inserted in alignment preamble.
<to be read again> 
                   &
l.176 \end{DoxyParams}
                      
There should be exactly one # between &'s, when an
\halign or \valign is being set up. In this case you had
none, so I've put one in; maybe that will work.

! Missing # inserted in alignment preamble.
<to be read again> 
                   \cr 
l.176 \end{DoxyParams}
                      
There should be exactly one # between &'s, when an
\halign or \valign is being set up. In this case you had
none, so I've put one in; maybe that will work.

! Missing # inserted in alignment preamble.
<to be read again> 
                   &
l.176 \end{DoxyParams}
                      
There should be exactly one # between &'s, when an
\halign or \valign is being set up. In this case you had
none, so I've put one in; maybe that will work.

! Missing # inserted in alignment preamble.
<to be read again> 
                   \cr 
l.176 \end{DoxyParams}
                      
There should be exactly one # between &'s, when an
\halign or \valign is being set up. In this case you had
none, so I've put one in; maybe that will work.

! Missing # inserted in alignment preamble.
<to be read again> 
                   &
l.176 \end{DoxyParams}
                      
There should be exactly one # between &'s, when an
\halign or \valign is being set up. In this case you had
none, so I've put one in; maybe that will work.

! Missing # inserted in alignment preamble.
<to be read again> 
                   \cr 
l.176 \end{DoxyParams}
                      
There should be exactly one # between &'s, when an
\halign or \valign is being set up. In this case you had
none, so I've put one in; maybe that will work.

! Missing # inserted in alignment preamble.
<to be read again> 
                   &
l.176 \end{DoxyParams}
                      
There should be exactly one # between &'s, when an
\halign or \valign is being set up. In this case you had
none, so I've put one in; maybe that will work.

! Missing # inserted in alignment preamble.
<to be read again> 
                   \cr 
l.176 \end{DoxyParams}
                      
There should be exactly one # between &'s, when an
\halign or \valign is being set up. In this case you had
none, so I've put one in; maybe that will work.

! Missing # inserted in alignment preamble.
<to be read again> 
                   &
l.176 \end{DoxyParams}
                      
There should be exactly one # between &'s, when an
\halign or \valign is being set up. In this case you had
none, so I've put one in; maybe that will work.

! Missing # inserted in alignment preamble.
<to be read again> 
                   \cr 
l.176 \end{DoxyParams}
                      
There should be exactly one # between &'s, when an
\halign or \valign is being set up. In this case you had
none, so I've put one in; maybe that will work.

! Missing # inserted in alignment preamble.
<to be read again> 
                   &
l.176 \end{DoxyParams}
                      
There should be exactly one # between &'s, when an
\halign or \valign is being set up. In this case you had
none, so I've put one in; maybe that will work.

! Missing # inserted in alignment preamble.
<to be read again> 
                   \cr 
l.176 \end{DoxyParams}
                      
There should be exactly one # between &'s, when an
\halign or \valign is being set up. In this case you had
none, so I've put one in; maybe that will work.

! Missing # inserted in alignment preamble.
<to be read again> 
                   &
l.176 \end{DoxyParams}
                      
There should be exactly one # between &'s, when an
\halign or \valign is being set up. In this case you had
none, so I've put one in; maybe that will work.

! Missing # inserted in alignment preamble.
<to be read again> 
                   \cr 
l.176 \end{DoxyParams}
                      
There should be exactly one # between &'s, when an
\halign or \valign is being set up. In this case you had
none, so I've put one in; maybe that will work.


Package longtable Warning: Column widths have changed
(longtable)                in table 5.8 on input line 176.

 <./class_i_a___min_max_a2f10d4d2e6c100b37cebea4a86a47175_cgraph.pdf>
<class_i_a___min_max_a2f10d4d2e6c100b37cebea4a86a47175_cgraph.pdf, id=443, 495.
8525pt x 119.44624pt>
File: class_i_a___min_max_a2f10d4d2e6c100b37cebea4a86a47175_cgraph.pdf Graphic 
file (type pdf)
<use class_i_a___min_max_a2f10d4d2e6c100b37cebea4a86a47175_cgraph.pdf>
Package pdftex.def Info: class_i_a___min_max_a2f10d4d2e6c100b37cebea4a86a47175_
cgraph.pdf  used on input line 182.
(pdftex.def)             Requested size: 350.0pt x 84.31166pt.
[17]
! Undefined control sequence.
<argument> ...rtpbox {\@nextchar }\insert@pcolumn 
                                                  \@endpbox \do@row@strut \o...
l.199 \begin{DoxyParams}{Paramètres}
                                     
The control sequence at the end of the top line
of your error message was never \def'ed. If you have
misspelled it (e.g., `\hobx'), type `I' and the correct
spelling (e.g., `I\hbox'). Otherwise just continue,
and I'll forget about whatever was undefined.

! Undefined control sequence.
<argument> ...rtpbox {\@nextchar }\insert@pcolumn 
                                                  \@endpbox \do@row@strut \o...
l.199 \begin{DoxyParams}{Paramètres}
                                     
The control sequence at the end of the top line
of your error message was never \def'ed. If you have
misspelled it (e.g., `\hobx'), type `I' and the correct
spelling (e.g., `I\hbox'). Otherwise just continue,
and I'll forget about whatever was undefined.

! Missing # inserted in alignment preamble.
<to be read again> 
                   &
l.202 \end{DoxyParams}
                      
There should be exactly one # between &'s, when an
\halign or \valign is being set up. In this case you had
none, so I've put one in; maybe that will work.

! Missing # inserted in alignment preamble.
<to be read again> 
                   \cr 
l.202 \end{DoxyParams}
                      
There should be exactly one # between &'s, when an
\halign or \valign is being set up. In this case you had
none, so I've put one in; maybe that will work.

! Missing # inserted in alignment preamble.
<to be read again> 
                   &
l.202 \end{DoxyParams}
                      
There should be exactly one # between &'s, when an
\halign or \valign is being set up. In this case you had
none, so I've put one in; maybe that will work.

! Missing # inserted in alignment preamble.
<to be read again> 
                   \cr 
l.202 \end{DoxyParams}
                      
There should be exactly one # between &'s, when an
\halign or \valign is being set up. In this case you had
none, so I've put one in; maybe that will work.

! Missing # inserted in alignment preamble.
<to be read again> 
                   &
l.202 \end{DoxyParams}
                      
There should be exactly one # between &'s, when an
\halign or \valign is being set up. In this case you had
none, so I've put one in; maybe that will work.

! Missing # inserted in alignment preamble.
<to be read again> 
                   \cr 
l.202 \end{DoxyParams}
                      
There should be exactly one # between &'s, when an
\halign or \valign is being set up. In this case you had
none, so I've put one in; maybe that will work.

! Missing # inserted in alignment preamble.
<to be read again> 
                   &
l.202 \end{DoxyParams}
                      
There should be exactly one # between &'s, when an
\halign or \valign is being set up. In this case you had
none, so I've put one in; maybe that will work.

! Missing # inserted in alignment preamble.
<to be read again> 
                   \cr 
l.202 \end{DoxyParams}
                      
There should be exactly one # between &'s, when an
\halign or \valign is being set up. In this case you had
none, so I've put one in; maybe that will work.

! Missing # inserted in alignment preamble.
<to be read again> 
                   &
l.202 \end{DoxyParams}
                      
There should be exactly one # between &'s, when an
\halign or \valign is being set up. In this case you had
none, so I've put one in; maybe that will work.

! Missing # inserted in alignment preamble.
<to be read again> 
                   \cr 
l.202 \end{DoxyParams}
                      
There should be exactly one # between &'s, when an
\halign or \valign is being set up. In this case you had
none, so I've put one in; maybe that will work.

! Missing # inserted in alignment preamble.
<to be read again> 
                   &
l.202 \end{DoxyParams}
                      
There should be exactly one # between &'s, when an
\halign or \valign is being set up. In this case you had
none, so I've put one in; maybe that will work.

! Missing # inserted in alignment preamble.
<to be read again> 
                   \cr 
l.202 \end{DoxyParams}
                      
There should be exactly one # between &'s, when an
\halign or \valign is being set up. In this case you had
none, so I've put one in; maybe that will work.

! Missing # inserted in alignment preamble.
<to be read again> 
                   &
l.202 \end{DoxyParams}
                      
There should be exactly one # between &'s, when an
\halign or \valign is being set up. In this case you had
none, so I've put one in; maybe that will work.

! Missing # inserted in alignment preamble.
<to be read again> 
                   \cr 
l.202 \end{DoxyParams}
                      
There should be exactly one # between &'s, when an
\halign or \valign is being set up. In this case you had
none, so I've put one in; maybe that will work.

! Missing # inserted in alignment preamble.
<to be read again> 
                   &
l.202 \end{DoxyParams}
                      
There should be exactly one # between &'s, when an
\halign or \valign is being set up. In this case you had
none, so I've put one in; maybe that will work.

! Missing # inserted in alignment preamble.
<to be read again> 
                   \cr 
l.202 \end{DoxyParams}
                      
There should be exactly one # between &'s, when an
\halign or \valign is being set up. In this case you had
none, so I've put one in; maybe that will work.

! Missing # inserted in alignment preamble.
<to be read again> 
                   &
l.202 \end{DoxyParams}
                      
There should be exactly one # between &'s, when an
\halign or \valign is being set up. In this case you had
none, so I've put one in; maybe that will work.

! Missing # inserted in alignment preamble.
<to be read again> 
                   \cr 
l.202 \end{DoxyParams}
                      
There should be exactly one # between &'s, when an
\halign or \valign is being set up. In this case you had
none, so I've put one in; maybe that will work.


Package longtable Warning: Column widths have changed
(longtable)                in table 5.9 on input line 202.


Underfull \hbox (badness 10000) detected at line 203
[][][]
 []

 <./class_i_a___min_max_acf127760115412522145b647af0ef5df_cgraph.pdf>
<class_i_a___min_max_acf127760115412522145b647af0ef5df_cgraph.pdf, id=465, 842.
14626pt x 392.46625pt>
File: class_i_a___min_max_acf127760115412522145b647af0ef5df_cgraph.pdf Graphic 
file (type pdf)
<use class_i_a___min_max_acf127760115412522145b647af0ef5df_cgraph.pdf>
Package pdftex.def Info: class_i_a___min_max_acf127760115412522145b647af0ef5df_
cgraph.pdf  used on input line 215.
(pdftex.def)             Requested size: 350.0pt x 163.10999pt.
! Undefined control sequence.
<argument> ...rtpbox {\@nextchar }\insert@pcolumn 
                                                  \@endpbox \do@row@strut \o...
l.229 \begin{DoxyParams}{Paramètres}
                                     
The control sequence at the end of the top line
of your error message was never \def'ed. If you have
misspelled it (e.g., `\hobx'), type `I' and the correct
spelling (e.g., `I\hbox'). Otherwise just continue,
and I'll forget about whatever was undefined.

! Undefined control sequence.
<argument> ...rtpbox {\@nextchar }\insert@pcolumn 
                                                  \@endpbox \do@row@strut \o...
l.229 \begin{DoxyParams}{Paramètres}
                                     
The control sequence at the end of the top line
of your error message was never \def'ed. If you have
misspelled it (e.g., `\hobx'), type `I' and the correct
spelling (e.g., `I\hbox'). Otherwise just continue,
and I'll forget about whatever was undefined.

! Missing # inserted in alignment preamble.
<to be read again> 
                   &
l.234 \end{DoxyParams}
                      
There should be exactly one # between &'s, when an
\halign or \valign is being set up. In this case you had
none, so I've put one in; maybe that will work.

! Missing # inserted in alignment preamble.
<to be read again> 
                   \cr 
l.234 \end{DoxyParams}
                      
There should be exactly one # between &'s, when an
\halign or \valign is being set up. In this case you had
none, so I've put one in; maybe that will work.

! Missing # inserted in alignment preamble.
<to be read again> 
                   &
l.234 \end{DoxyParams}
                      
There should be exactly one # between &'s, when an
\halign or \valign is being set up. In this case you had
none, so I've put one in; maybe that will work.

! Missing # inserted in alignment preamble.
<to be read again> 
                   \cr 
l.234 \end{DoxyParams}
                      
There should be exactly one # between &'s, when an
\halign or \valign is being set up. In this case you had
none, so I've put one in; maybe that will work.

! Missing # inserted in alignment preamble.
<to be read again> 
                   &
l.234 \end{DoxyParams}
                      
There should be exactly one # between &'s, when an
\halign or \valign is being set up. In this case you had
none, so I've put one in; maybe that will work.

! Missing # inserted in alignment preamble.
<to be read again> 
                   \cr 
l.234 \end{DoxyParams}
                      
There should be exactly one # between &'s, when an
\halign or \valign is being set up. In this case you had
none, so I've put one in; maybe that will work.

! Missing # inserted in alignment preamble.
<to be read again> 
                   &
l.234 \end{DoxyParams}
                      
There should be exactly one # between &'s, when an
\halign or \valign is being set up. In this case you had
none, so I've put one in; maybe that will work.

! Missing # inserted in alignment preamble.
<to be read again> 
                   \cr 
l.234 \end{DoxyParams}
                      
There should be exactly one # between &'s, when an
\halign or \valign is being set up. In this case you had
none, so I've put one in; maybe that will work.

! Missing # inserted in alignment preamble.
<to be read again> 
                   &
l.234 \end{DoxyParams}
                      
There should be exactly one # between &'s, when an
\halign or \valign is being set up. In this case you had
none, so I've put one in; maybe that will work.

! Missing # inserted in alignment preamble.
<to be read again> 
                   \cr 
l.234 \end{DoxyParams}
                      
There should be exactly one # between &'s, when an
\halign or \valign is being set up. In this case you had
none, so I've put one in; maybe that will work.

! Missing # inserted in alignment preamble.
<to be read again> 
                   &
l.234 \end{DoxyParams}
                      
There should be exactly one # between &'s, when an
\halign or \valign is being set up. In this case you had
none, so I've put one in; maybe that will work.

! Missing # inserted in alignment preamble.
<to be read again> 
                   \cr 
l.234 \end{DoxyParams}
                      
There should be exactly one # between &'s, when an
\halign or \valign is being set up. In this case you had
none, so I've put one in; maybe that will work.

! Missing # inserted in alignment preamble.
<to be read again> 
                   &
l.234 \end{DoxyParams}
                      
There should be exactly one # between &'s, when an
\halign or \valign is being set up. In this case you had
none, so I've put one in; maybe that will work.

! Missing # inserted in alignment preamble.
<to be read again> 
                   \cr 
l.234 \end{DoxyParams}
                      
There should be exactly one # between &'s, when an
\halign or \valign is being set up. In this case you had
none, so I've put one in; maybe that will work.

! Missing # inserted in alignment preamble.
<to be read again> 
                   &
l.234 \end{DoxyParams}
                      
There should be exactly one # between &'s, when an
\halign or \valign is being set up. In this case you had
none, so I've put one in; maybe that will work.

! Missing # inserted in alignment preamble.
<to be read again> 
                   \cr 
l.234 \end{DoxyParams}
                      
There should be exactly one # between &'s, when an
\halign or \valign is being set up. In this case you had
none, so I've put one in; maybe that will work.

! Missing # inserted in alignment preamble.
<to be read again> 
                   &
l.234 \end{DoxyParams}
                      
There should be exactly one # between &'s, when an
\halign or \valign is being set up. In this case you had
none, so I've put one in; maybe that will work.

! Missing # inserted in alignment preamble.
<to be read again> 
                   \cr 
l.234 \end{DoxyParams}
                      
There should be exactly one # between &'s, when an
\halign or \valign is being set up. In this case you had
none, so I've put one in; maybe that will work.


Package longtable Warning: Column widths have changed
(longtable)                in table 5.10 on input line 234.

[18]
Underfull \hbox (badness 10000) detected at line 235
[][][]
 []

! Undefined control sequence.
<argument> ...rtpbox {\@nextchar }\insert@pcolumn 
                                                  \@endpbox \do@row@strut \o...
l.249 \begin{DoxyParams}{Paramètres}
                                     
The control sequence at the end of the top line
of your error message was never \def'ed. If you have
misspelled it (e.g., `\hobx'), type `I' and the correct
spelling (e.g., `I\hbox'). Otherwise just continue,
and I'll forget about whatever was undefined.

! Undefined control sequence.
<argument> ...rtpbox {\@nextchar }\insert@pcolumn 
                                                  \@endpbox \do@row@strut \o...
l.249 \begin{DoxyParams}{Paramètres}
                                     
The control sequence at the end of the top line
of your error message was never \def'ed. If you have
misspelled it (e.g., `\hobx'), type `I' and the correct
spelling (e.g., `I\hbox'). Otherwise just continue,
and I'll forget about whatever was undefined.

! Missing # inserted in alignment preamble.
<to be read again> 
                   &
l.252 \end{DoxyParams}
                      
There should be exactly one # between &'s, when an
\halign or \valign is being set up. In this case you had
none, so I've put one in; maybe that will work.

! Missing # inserted in alignment preamble.
<to be read again> 
                   \cr 
l.252 \end{DoxyParams}
                      
There should be exactly one # between &'s, when an
\halign or \valign is being set up. In this case you had
none, so I've put one in; maybe that will work.

! Missing # inserted in alignment preamble.
<to be read again> 
                   &
l.252 \end{DoxyParams}
                      
There should be exactly one # between &'s, when an
\halign or \valign is being set up. In this case you had
none, so I've put one in; maybe that will work.

! Missing # inserted in alignment preamble.
<to be read again> 
                   \cr 
l.252 \end{DoxyParams}
                      
There should be exactly one # between &'s, when an
\halign or \valign is being set up. In this case you had
none, so I've put one in; maybe that will work.

! Missing # inserted in alignment preamble.
<to be read again> 
                   &
l.252 \end{DoxyParams}
                      
There should be exactly one # between &'s, when an
\halign or \valign is being set up. In this case you had
none, so I've put one in; maybe that will work.

! Missing # inserted in alignment preamble.
<to be read again> 
                   \cr 
l.252 \end{DoxyParams}
                      
There should be exactly one # between &'s, when an
\halign or \valign is being set up. In this case you had
none, so I've put one in; maybe that will work.

! Missing # inserted in alignment preamble.
<to be read again> 
                   &
l.252 \end{DoxyParams}
                      
There should be exactly one # between &'s, when an
\halign or \valign is being set up. In this case you had
none, so I've put one in; maybe that will work.

! Missing # inserted in alignment preamble.
<to be read again> 
                   \cr 
l.252 \end{DoxyParams}
                      
There should be exactly one # between &'s, when an
\halign or \valign is being set up. In this case you had
none, so I've put one in; maybe that will work.

! Missing # inserted in alignment preamble.
<to be read again> 
                   &
l.252 \end{DoxyParams}
                      
There should be exactly one # between &'s, when an
\halign or \valign is being set up. In this case you had
none, so I've put one in; maybe that will work.

! Missing # inserted in alignment preamble.
<to be read again> 
                   \cr 
l.252 \end{DoxyParams}
                      
There should be exactly one # between &'s, when an
\halign or \valign is being set up. In this case you had
none, so I've put one in; maybe that will work.

! Missing # inserted in alignment preamble.
<to be read again> 
                   &
l.252 \end{DoxyParams}
                      
There should be exactly one # between &'s, when an
\halign or \valign is being set up. In this case you had
none, so I've put one in; maybe that will work.

! Missing # inserted in alignment preamble.
<to be read again> 
                   \cr 
l.252 \end{DoxyParams}
                      
There should be exactly one # between &'s, when an
\halign or \valign is being set up. In this case you had
none, so I've put one in; maybe that will work.

! Missing # inserted in alignment preamble.
<to be read again> 
                   &
l.252 \end{DoxyParams}
                      
There should be exactly one # between &'s, when an
\halign or \valign is being set up. In this case you had
none, so I've put one in; maybe that will work.

! Missing # inserted in alignment preamble.
<to be read again> 
                   \cr 
l.252 \end{DoxyParams}
                      
There should be exactly one # between &'s, when an
\halign or \valign is being set up. In this case you had
none, so I've put one in; maybe that will work.

! Missing # inserted in alignment preamble.
<to be read again> 
                   &
l.252 \end{DoxyParams}
                      
There should be exactly one # between &'s, when an
\halign or \valign is being set up. In this case you had
none, so I've put one in; maybe that will work.

! Missing # inserted in alignment preamble.
<to be read again> 
                   \cr 
l.252 \end{DoxyParams}
                      
There should be exactly one # between &'s, when an
\halign or \valign is being set up. In this case you had
none, so I've put one in; maybe that will work.

! Missing # inserted in alignment preamble.
<to be read again> 
                   &
l.252 \end{DoxyParams}
                      
There should be exactly one # between &'s, when an
\halign or \valign is being set up. In this case you had
none, so I've put one in; maybe that will work.

! Missing # inserted in alignment preamble.
<to be read again> 
                   \cr 
l.252 \end{DoxyParams}
                      
There should be exactly one # between &'s, when an
\halign or \valign is being set up. In this case you had
none, so I've put one in; maybe that will work.


Package longtable Warning: Column widths have changed
(longtable)                in table 5.11 on input line 252.


Underfull \hbox (badness 10000) detected at line 253
[][][]
 []

 <./class_i_a___min_max_a0fdae11016bbc88727a695f86f008fde_cgraph.pdf>
<class_i_a___min_max_a0fdae11016bbc88727a695f86f008fde_cgraph.pdf, id=486, 393.
47pt x 176.66pt>
File: class_i_a___min_max_a0fdae11016bbc88727a695f86f008fde_cgraph.pdf Graphic 
file (type pdf)
<use class_i_a___min_max_a0fdae11016bbc88727a695f86f008fde_cgraph.pdf>
Package pdftex.def Info: class_i_a___min_max_a0fdae11016bbc88727a695f86f008fde_
cgraph.pdf  used on input line 261.
(pdftex.def)             Requested size: 350.0pt x 157.14064pt.
! Undefined control sequence.
<argument> ...rtpbox {\@nextchar }\insert@pcolumn 
                                                  \@endpbox \do@row@strut \o...
l.275 \begin{DoxyParams}{Paramètres}
                                     
The control sequence at the end of the top line
of your error message was never \def'ed. If you have
misspelled it (e.g., `\hobx'), type `I' and the correct
spelling (e.g., `I\hbox'). Otherwise just continue,
and I'll forget about whatever was undefined.

! Undefined control sequence.
<argument> ...rtpbox {\@nextchar }\insert@pcolumn 
                                                  \@endpbox \do@row@strut \o...
l.275 \begin{DoxyParams}{Paramètres}
                                     
The control sequence at the end of the top line
of your error message was never \def'ed. If you have
misspelled it (e.g., `\hobx'), type `I' and the correct
spelling (e.g., `I\hbox'). Otherwise just continue,
and I'll forget about whatever was undefined.

! Missing # inserted in alignment preamble.
<to be read again> 
                   &
l.286 \end{DoxyParams}
                      
There should be exactly one # between &'s, when an
\halign or \valign is being set up. In this case you had
none, so I've put one in; maybe that will work.

! Missing # inserted in alignment preamble.
<to be read again> 
                   \cr 
l.286 \end{DoxyParams}
                      
There should be exactly one # between &'s, when an
\halign or \valign is being set up. In this case you had
none, so I've put one in; maybe that will work.

! Missing # inserted in alignment preamble.
<to be read again> 
                   &
l.286 \end{DoxyParams}
                      
There should be exactly one # between &'s, when an
\halign or \valign is being set up. In this case you had
none, so I've put one in; maybe that will work.

! Missing # inserted in alignment preamble.
<to be read again> 
                   \cr 
l.286 \end{DoxyParams}
                      
There should be exactly one # between &'s, when an
\halign or \valign is being set up. In this case you had
none, so I've put one in; maybe that will work.

! Missing # inserted in alignment preamble.
<to be read again> 
                   &
l.286 \end{DoxyParams}
                      
There should be exactly one # between &'s, when an
\halign or \valign is being set up. In this case you had
none, so I've put one in; maybe that will work.

! Missing # inserted in alignment preamble.
<to be read again> 
                   \cr 
l.286 \end{DoxyParams}
                      
There should be exactly one # between &'s, when an
\halign or \valign is being set up. In this case you had
none, so I've put one in; maybe that will work.

! Missing # inserted in alignment preamble.
<to be read again> 
                   &
l.286 \end{DoxyParams}
                      
There should be exactly one # between &'s, when an
\halign or \valign is being set up. In this case you had
none, so I've put one in; maybe that will work.

! Missing # inserted in alignment preamble.
<to be read again> 
                   \cr 
l.286 \end{DoxyParams}
                      
There should be exactly one # between &'s, when an
\halign or \valign is being set up. In this case you had
none, so I've put one in; maybe that will work.

! Missing # inserted in alignment preamble.
<to be read again> 
                   &
l.286 \end{DoxyParams}
                      
There should be exactly one # between &'s, when an
\halign or \valign is being set up. In this case you had
none, so I've put one in; maybe that will work.

! Missing # inserted in alignment preamble.
<to be read again> 
                   \cr 
l.286 \end{DoxyParams}
                      
There should be exactly one # between &'s, when an
\halign or \valign is being set up. In this case you had
none, so I've put one in; maybe that will work.

! Missing # inserted in alignment preamble.
<to be read again> 
                   &
l.286 \end{DoxyParams}
                      
There should be exactly one # between &'s, when an
\halign or \valign is being set up. In this case you had
none, so I've put one in; maybe that will work.

! Missing # inserted in alignment preamble.
<to be read again> 
                   \cr 
l.286 \end{DoxyParams}
                      
There should be exactly one # between &'s, when an
\halign or \valign is being set up. In this case you had
none, so I've put one in; maybe that will work.

! Missing # inserted in alignment preamble.
<to be read again> 
                   &
l.286 \end{DoxyParams}
                      
There should be exactly one # between &'s, when an
\halign or \valign is being set up. In this case you had
none, so I've put one in; maybe that will work.

! Missing # inserted in alignment preamble.
<to be read again> 
                   \cr 
l.286 \end{DoxyParams}
                      
There should be exactly one # between &'s, when an
\halign or \valign is being set up. In this case you had
none, so I've put one in; maybe that will work.

! Missing # inserted in alignment preamble.
<to be read again> 
                   &
l.286 \end{DoxyParams}
                      
There should be exactly one # between &'s, when an
\halign or \valign is being set up. In this case you had
none, so I've put one in; maybe that will work.

! Missing # inserted in alignment preamble.
<to be read again> 
                   \cr 
l.286 \end{DoxyParams}
                      
There should be exactly one # between &'s, when an
\halign or \valign is being set up. In this case you had
none, so I've put one in; maybe that will work.

! Missing # inserted in alignment preamble.
<to be read again> 
                   &
l.286 \end{DoxyParams}
                      
There should be exactly one # between &'s, when an
\halign or \valign is being set up. In this case you had
none, so I've put one in; maybe that will work.

! Missing # inserted in alignment preamble.
<to be read again> 
                   \cr 
l.286 \end{DoxyParams}
                      
There should be exactly one # between &'s, when an
\halign or \valign is being set up. In this case you had
none, so I've put one in; maybe that will work.


Package longtable Warning: Column widths have changed
(longtable)                in table 5.12 on input line 286.


Underfull \hbox (badness 10000) detected at line 287
[][][]
 []

 <./class_i_a___min_max_a783668d374bb1e88524ea06dc444cd74_cgraph.pdf>
<class_i_a___min_max_a783668d374bb1e88524ea06dc444cd74_cgraph.pdf, id=495, 682.
55pt x 396.48125pt>
File: class_i_a___min_max_a783668d374bb1e88524ea06dc444cd74_cgraph.pdf Graphic 
file (type pdf)
<use class_i_a___min_max_a783668d374bb1e88524ea06dc444cd74_cgraph.pdf>
Package pdftex.def Info: class_i_a___min_max_a783668d374bb1e88524ea06dc444cd74_
cgraph.pdf  used on input line 295.
(pdftex.def)             Requested size: 350.0pt x 203.30986pt.
[19]
! Undefined control sequence.
<argument> ...rtpbox {\@nextchar }\insert@pcolumn 
                                                  \@endpbox \do@row@strut \o...
l.309 \begin{DoxyParams}{Paramètres}
                                     
The control sequence at the end of the top line
of your error message was never \def'ed. If you have
misspelled it (e.g., `\hobx'), type `I' and the correct
spelling (e.g., `I\hbox'). Otherwise just continue,
and I'll forget about whatever was undefined.

! Undefined control sequence.
<argument> ...rtpbox {\@nextchar }\insert@pcolumn 
                                                  \@endpbox \do@row@strut \o...
l.309 \begin{DoxyParams}{Paramètres}
                                     
The control sequence at the end of the top line
of your error message was never \def'ed. If you have
misspelled it (e.g., `\hobx'), type `I' and the correct
spelling (e.g., `I\hbox'). Otherwise just continue,
and I'll forget about whatever was undefined.

! Missing # inserted in alignment preamble.
<to be read again> 
                   &
l.312 \end{DoxyParams}
                      
There should be exactly one # between &'s, when an
\halign or \valign is being set up. In this case you had
none, so I've put one in; maybe that will work.

! Missing # inserted in alignment preamble.
<to be read again> 
                   \cr 
l.312 \end{DoxyParams}
                      
There should be exactly one # between &'s, when an
\halign or \valign is being set up. In this case you had
none, so I've put one in; maybe that will work.

! Missing # inserted in alignment preamble.
<to be read again> 
                   &
l.312 \end{DoxyParams}
                      
There should be exactly one # between &'s, when an
\halign or \valign is being set up. In this case you had
none, so I've put one in; maybe that will work.

! Missing # inserted in alignment preamble.
<to be read again> 
                   \cr 
l.312 \end{DoxyParams}
                      
There should be exactly one # between &'s, when an
\halign or \valign is being set up. In this case you had
none, so I've put one in; maybe that will work.

! Missing # inserted in alignment preamble.
<to be read again> 
                   &
l.312 \end{DoxyParams}
                      
There should be exactly one # between &'s, when an
\halign or \valign is being set up. In this case you had
none, so I've put one in; maybe that will work.

! Missing # inserted in alignment preamble.
<to be read again> 
                   \cr 
l.312 \end{DoxyParams}
                      
There should be exactly one # between &'s, when an
\halign or \valign is being set up. In this case you had
none, so I've put one in; maybe that will work.

! Missing # inserted in alignment preamble.
<to be read again> 
                   &
l.312 \end{DoxyParams}
                      
There should be exactly one # between &'s, when an
\halign or \valign is being set up. In this case you had
none, so I've put one in; maybe that will work.

! Missing # inserted in alignment preamble.
<to be read again> 
                   \cr 
l.312 \end{DoxyParams}
                      
There should be exactly one # between &'s, when an
\halign or \valign is being set up. In this case you had
none, so I've put one in; maybe that will work.

! Missing # inserted in alignment preamble.
<to be read again> 
                   &
l.312 \end{DoxyParams}
                      
There should be exactly one # between &'s, when an
\halign or \valign is being set up. In this case you had
none, so I've put one in; maybe that will work.

! Missing # inserted in alignment preamble.
<to be read again> 
                   \cr 
l.312 \end{DoxyParams}
                      
There should be exactly one # between &'s, when an
\halign or \valign is being set up. In this case you had
none, so I've put one in; maybe that will work.

! Missing # inserted in alignment preamble.
<to be read again> 
                   &
l.312 \end{DoxyParams}
                      
There should be exactly one # between &'s, when an
\halign or \valign is being set up. In this case you had
none, so I've put one in; maybe that will work.

! Missing # inserted in alignment preamble.
<to be read again> 
                   \cr 
l.312 \end{DoxyParams}
                      
There should be exactly one # between &'s, when an
\halign or \valign is being set up. In this case you had
none, so I've put one in; maybe that will work.

! Missing # inserted in alignment preamble.
<to be read again> 
                   &
l.312 \end{DoxyParams}
                      
There should be exactly one # between &'s, when an
\halign or \valign is being set up. In this case you had
none, so I've put one in; maybe that will work.

! Missing # inserted in alignment preamble.
<to be read again> 
                   \cr 
l.312 \end{DoxyParams}
                      
There should be exactly one # between &'s, when an
\halign or \valign is being set up. In this case you had
none, so I've put one in; maybe that will work.

! Missing # inserted in alignment preamble.
<to be read again> 
                   &
l.312 \end{DoxyParams}
                      
There should be exactly one # between &'s, when an
\halign or \valign is being set up. In this case you had
none, so I've put one in; maybe that will work.

! Missing # inserted in alignment preamble.
<to be read again> 
                   \cr 
l.312 \end{DoxyParams}
                      
There should be exactly one # between &'s, when an
\halign or \valign is being set up. In this case you had
none, so I've put one in; maybe that will work.

! Missing # inserted in alignment preamble.
<to be read again> 
                   &
l.312 \end{DoxyParams}
                      
There should be exactly one # between &'s, when an
\halign or \valign is being set up. In this case you had
none, so I've put one in; maybe that will work.

! Missing # inserted in alignment preamble.
<to be read again> 
                   \cr 
l.312 \end{DoxyParams}
                      
There should be exactly one # between &'s, when an
\halign or \valign is being set up. In this case you had
none, so I've put one in; maybe that will work.


Package longtable Warning: Column widths have changed
(longtable)                in table 5.13 on input line 312.


Underfull \hbox (badness 10000) detected at line 313
[][][]
 []

 <./class_i_a___min_max_a3f92ef73e338e1ca8a2278182d83bb92_cgraph.pdf>
<class_i_a___min_max_a3f92ef73e338e1ca8a2278182d83bb92_cgraph.pdf, id=518, 487.
8225pt x 138.5175pt>
File: class_i_a___min_max_a3f92ef73e338e1ca8a2278182d83bb92_cgraph.pdf Graphic 
file (type pdf)
<use class_i_a___min_max_a3f92ef73e338e1ca8a2278182d83bb92_cgraph.pdf>
Package pdftex.def Info: class_i_a___min_max_a3f92ef73e338e1ca8a2278182d83bb92_
cgraph.pdf  used on input line 321.
(pdftex.def)             Requested size: 350.0pt x 99.38376pt.
) (class_joueur.tex <./class_joueur__inherit__graph.pdf>
<class_joueur__inherit__graph.pdf, id=526, 280.04625pt x 212.795pt>
File: class_joueur__inherit__graph.pdf Graphic file (type pdf)
<use class_joueur__inherit__graph.pdf>
Package pdftex.def Info: class_joueur__inherit__graph.pdf  used on input line 1
9.
(pdftex.def)             Requested size: 279.0pt x 212.00868pt.
[20]
! Undefined control sequence.
<argument> ...rtpbox {\@nextchar }\insert@pcolumn 
                                                  \@endpbox \do@row@strut \o...
l.71 \begin{DoxyParams}{Paramètres}
                                    
The control sequence at the end of the top line
of your error message was never \def'ed. If you have
misspelled it (e.g., `\hobx'), type `I' and the correct
spelling (e.g., `I\hbox'). Otherwise just continue,
and I'll forget about whatever was undefined.

! Undefined control sequence.
<argument> ...rtpbox {\@nextchar }\insert@pcolumn 
                                                  \@endpbox \do@row@strut \o...
l.71 \begin{DoxyParams}{Paramètres}
                                    
The control sequence at the end of the top line
of your error message was never \def'ed. If you have
misspelled it (e.g., `\hobx'), type `I' and the correct
spelling (e.g., `I\hbox'). Otherwise just continue,
and I'll forget about whatever was undefined.

! Missing # inserted in alignment preamble.
<to be read again> 
                   &
l.74 \end{DoxyParams}
                     
There should be exactly one # between &'s, when an
\halign or \valign is being set up. In this case you had
none, so I've put one in; maybe that will work.

! Missing # inserted in alignment preamble.
<to be read again> 
                   \cr 
l.74 \end{DoxyParams}
                     
There should be exactly one # between &'s, when an
\halign or \valign is being set up. In this case you had
none, so I've put one in; maybe that will work.

! Missing # inserted in alignment preamble.
<to be read again> 
                   &
l.74 \end{DoxyParams}
                     
There should be exactly one # between &'s, when an
\halign or \valign is being set up. In this case you had
none, so I've put one in; maybe that will work.

! Missing # inserted in alignment preamble.
<to be read again> 
                   \cr 
l.74 \end{DoxyParams}
                     
There should be exactly one # between &'s, when an
\halign or \valign is being set up. In this case you had
none, so I've put one in; maybe that will work.

! Missing # inserted in alignment preamble.
<to be read again> 
                   &
l.74 \end{DoxyParams}
                     
There should be exactly one # between &'s, when an
\halign or \valign is being set up. In this case you had
none, so I've put one in; maybe that will work.

! Missing # inserted in alignment preamble.
<to be read again> 
                   \cr 
l.74 \end{DoxyParams}
                     
There should be exactly one # between &'s, when an
\halign or \valign is being set up. In this case you had
none, so I've put one in; maybe that will work.

! Missing # inserted in alignment preamble.
<to be read again> 
                   &
l.74 \end{DoxyParams}
                     
There should be exactly one # between &'s, when an
\halign or \valign is being set up. In this case you had
none, so I've put one in; maybe that will work.

! Missing # inserted in alignment preamble.
<to be read again> 
                   \cr 
l.74 \end{DoxyParams}
                     
There should be exactly one # between &'s, when an
\halign or \valign is being set up. In this case you had
none, so I've put one in; maybe that will work.

! Missing # inserted in alignment preamble.
<to be read again> 
                   &
l.74 \end{DoxyParams}
                     
There should be exactly one # between &'s, when an
\halign or \valign is being set up. In this case you had
none, so I've put one in; maybe that will work.

! Missing # inserted in alignment preamble.
<to be read again> 
                   \cr 
l.74 \end{DoxyParams}
                     
There should be exactly one # between &'s, when an
\halign or \valign is being set up. In this case you had
none, so I've put one in; maybe that will work.

! Missing # inserted in alignment preamble.
<to be read again> 
                   &
l.74 \end{DoxyParams}
                     
There should be exactly one # between &'s, when an
\halign or \valign is being set up. In this case you had
none, so I've put one in; maybe that will work.

! Missing # inserted in alignment preamble.
<to be read again> 
                   \cr 
l.74 \end{DoxyParams}
                     
There should be exactly one # between &'s, when an
\halign or \valign is being set up. In this case you had
none, so I've put one in; maybe that will work.

! Missing # inserted in alignment preamble.
<to be read again> 
                   &
l.74 \end{DoxyParams}
                     
There should be exactly one # between &'s, when an
\halign or \valign is being set up. In this case you had
none, so I've put one in; maybe that will work.

! Missing # inserted in alignment preamble.
<to be read again> 
                   \cr 
l.74 \end{DoxyParams}
                     
There should be exactly one # between &'s, when an
\halign or \valign is being set up. In this case you had
none, so I've put one in; maybe that will work.

! Missing # inserted in alignment preamble.
<to be read again> 
                   &
l.74 \end{DoxyParams}
                     
There should be exactly one # between &'s, when an
\halign or \valign is being set up. In this case you had
none, so I've put one in; maybe that will work.

! Missing # inserted in alignment preamble.
<to be read again> 
                   \cr 
l.74 \end{DoxyParams}
                     
There should be exactly one # between &'s, when an
\halign or \valign is being set up. In this case you had
none, so I've put one in; maybe that will work.

! Missing # inserted in alignment preamble.
<to be read again> 
                   &
l.74 \end{DoxyParams}
                     
There should be exactly one # between &'s, when an
\halign or \valign is being set up. In this case you had
none, so I've put one in; maybe that will work.

! Missing # inserted in alignment preamble.
<to be read again> 
                   \cr 
l.74 \end{DoxyParams}
                     
There should be exactly one # between &'s, when an
\halign or \valign is being set up. In this case you had
none, so I've put one in; maybe that will work.


Package longtable Warning: Column widths have changed
(longtable)                in table 5.14 on input line 74.

[21]
Underfull \hbox (badness 10000) detected at line 75
[][][]
 []


Underfull \hbox (badness 10000) detected at line 92
[][][]
 []


Underfull \hbox (badness 10000) detected at line 105
[][][]
 []

) (class_joueur_humain.tex <./class_joueur_humain__inherit__graph.pdf>
<class_joueur_humain__inherit__graph.pdf, id=575, 159.59625pt x 156.585pt>
File: class_joueur_humain__inherit__graph.pdf Graphic file (type pdf)
<use class_joueur_humain__inherit__graph.pdf>
Package pdftex.def Info: class_joueur_humain__inherit__graph.pdf  used on input
 line 19.
(pdftex.def)             Requested size: 159.0pt x 156.00162pt.
 <./class_joueur_humain__coll__graph.pdf>
<class_joueur_humain__coll__graph.pdf, id=583, 159.59625pt x 156.585pt>
File: class_joueur_humain__coll__graph.pdf Graphic file (type pdf)
<use class_joueur_humain__coll__graph.pdf>
Package pdftex.def Info: class_joueur_humain__coll__graph.pdf  used on input li
ne 29.
(pdftex.def)             Requested size: 159.0pt x 156.00162pt.
[22] [23]
! Undefined control sequence.
<argument> ...rtpbox {\@nextchar }\insert@pcolumn 
                                                  \@endpbox \do@row@strut \o...
l.88 \begin{DoxyParams}{Paramètres}
                                    
The control sequence at the end of the top line
of your error message was never \def'ed. If you have
misspelled it (e.g., `\hobx'), type `I' and the correct
spelling (e.g., `I\hbox'). Otherwise just continue,
and I'll forget about whatever was undefined.

! Undefined control sequence.
<argument> ...rtpbox {\@nextchar }\insert@pcolumn 
                                                  \@endpbox \do@row@strut \o...
l.88 \begin{DoxyParams}{Paramètres}
                                    
The control sequence at the end of the top line
of your error message was never \def'ed. If you have
misspelled it (e.g., `\hobx'), type `I' and the correct
spelling (e.g., `I\hbox'). Otherwise just continue,
and I'll forget about whatever was undefined.

! Missing # inserted in alignment preamble.
<to be read again> 
                   &
l.93 \end{DoxyParams}
                     
There should be exactly one # between &'s, when an
\halign or \valign is being set up. In this case you had
none, so I've put one in; maybe that will work.

! Missing # inserted in alignment preamble.
<to be read again> 
                   \cr 
l.93 \end{DoxyParams}
                     
There should be exactly one # between &'s, when an
\halign or \valign is being set up. In this case you had
none, so I've put one in; maybe that will work.

! Missing # inserted in alignment preamble.
<to be read again> 
                   &
l.93 \end{DoxyParams}
                     
There should be exactly one # between &'s, when an
\halign or \valign is being set up. In this case you had
none, so I've put one in; maybe that will work.

! Missing # inserted in alignment preamble.
<to be read again> 
                   \cr 
l.93 \end{DoxyParams}
                     
There should be exactly one # between &'s, when an
\halign or \valign is being set up. In this case you had
none, so I've put one in; maybe that will work.

! Missing # inserted in alignment preamble.
<to be read again> 
                   &
l.93 \end{DoxyParams}
                     
There should be exactly one # between &'s, when an
\halign or \valign is being set up. In this case you had
none, so I've put one in; maybe that will work.

! Missing # inserted in alignment preamble.
<to be read again> 
                   \cr 
l.93 \end{DoxyParams}
                     
There should be exactly one # between &'s, when an
\halign or \valign is being set up. In this case you had
none, so I've put one in; maybe that will work.

! Missing # inserted in alignment preamble.
<to be read again> 
                   &
l.93 \end{DoxyParams}
                     
There should be exactly one # between &'s, when an
\halign or \valign is being set up. In this case you had
none, so I've put one in; maybe that will work.

! Missing # inserted in alignment preamble.
<to be read again> 
                   \cr 
l.93 \end{DoxyParams}
                     
There should be exactly one # between &'s, when an
\halign or \valign is being set up. In this case you had
none, so I've put one in; maybe that will work.

! Missing # inserted in alignment preamble.
<to be read again> 
                   &
l.93 \end{DoxyParams}
                     
There should be exactly one # between &'s, when an
\halign or \valign is being set up. In this case you had
none, so I've put one in; maybe that will work.

! Missing # inserted in alignment preamble.
<to be read again> 
                   \cr 
l.93 \end{DoxyParams}
                     
There should be exactly one # between &'s, when an
\halign or \valign is being set up. In this case you had
none, so I've put one in; maybe that will work.

! Missing # inserted in alignment preamble.
<to be read again> 
                   &
l.93 \end{DoxyParams}
                     
There should be exactly one # between &'s, when an
\halign or \valign is being set up. In this case you had
none, so I've put one in; maybe that will work.

! Missing # inserted in alignment preamble.
<to be read again> 
                   \cr 
l.93 \end{DoxyParams}
                     
There should be exactly one # between &'s, when an
\halign or \valign is being set up. In this case you had
none, so I've put one in; maybe that will work.

! Missing # inserted in alignment preamble.
<to be read again> 
                   &
l.93 \end{DoxyParams}
                     
There should be exactly one # between &'s, when an
\halign or \valign is being set up. In this case you had
none, so I've put one in; maybe that will work.

! Missing # inserted in alignment preamble.
<to be read again> 
                   \cr 
l.93 \end{DoxyParams}
                     
There should be exactly one # between &'s, when an
\halign or \valign is being set up. In this case you had
none, so I've put one in; maybe that will work.

! Missing # inserted in alignment preamble.
<to be read again> 
                   &
l.93 \end{DoxyParams}
                     
There should be exactly one # between &'s, when an
\halign or \valign is being set up. In this case you had
none, so I've put one in; maybe that will work.

! Missing # inserted in alignment preamble.
<to be read again> 
                   \cr 
l.93 \end{DoxyParams}
                     
There should be exactly one # between &'s, when an
\halign or \valign is being set up. In this case you had
none, so I've put one in; maybe that will work.

! Missing # inserted in alignment preamble.
<to be read again> 
                   &
l.93 \end{DoxyParams}
                     
There should be exactly one # between &'s, when an
\halign or \valign is being set up. In this case you had
none, so I've put one in; maybe that will work.

! Missing # inserted in alignment preamble.
<to be read again> 
                   \cr 
l.93 \end{DoxyParams}
                     
There should be exactly one # between &'s, when an
\halign or \valign is being set up. In this case you had
none, so I've put one in; maybe that will work.


Package longtable Warning: Column widths have changed
(longtable)                in table 5.15 on input line 93.

! Undefined control sequence.
<argument> ...rtpbox {\@nextchar }\insert@pcolumn 
                                                  \@endpbox \do@row@strut \o...
l.105 \begin{DoxyParams}{Paramètres}
                                     
The control sequence at the end of the top line
of your error message was never \def'ed. If you have
misspelled it (e.g., `\hobx'), type `I' and the correct
spelling (e.g., `I\hbox'). Otherwise just continue,
and I'll forget about whatever was undefined.

! Undefined control sequence.
<argument> ...rtpbox {\@nextchar }\insert@pcolumn 
                                                  \@endpbox \do@row@strut \o...
l.105 \begin{DoxyParams}{Paramètres}
                                     
The control sequence at the end of the top line
of your error message was never \def'ed. If you have
misspelled it (e.g., `\hobx'), type `I' and the correct
spelling (e.g., `I\hbox'). Otherwise just continue,
and I'll forget about whatever was undefined.

! Missing # inserted in alignment preamble.
<to be read again> 
                   &
l.108 \end{DoxyParams}
                      
There should be exactly one # between &'s, when an
\halign or \valign is being set up. In this case you had
none, so I've put one in; maybe that will work.

! Missing # inserted in alignment preamble.
<to be read again> 
                   \cr 
l.108 \end{DoxyParams}
                      
There should be exactly one # between &'s, when an
\halign or \valign is being set up. In this case you had
none, so I've put one in; maybe that will work.

! Missing # inserted in alignment preamble.
<to be read again> 
                   &
l.108 \end{DoxyParams}
                      
There should be exactly one # between &'s, when an
\halign or \valign is being set up. In this case you had
none, so I've put one in; maybe that will work.

! Missing # inserted in alignment preamble.
<to be read again> 
                   \cr 
l.108 \end{DoxyParams}
                      
There should be exactly one # between &'s, when an
\halign or \valign is being set up. In this case you had
none, so I've put one in; maybe that will work.

! Missing # inserted in alignment preamble.
<to be read again> 
                   &
l.108 \end{DoxyParams}
                      
There should be exactly one # between &'s, when an
\halign or \valign is being set up. In this case you had
none, so I've put one in; maybe that will work.

! Missing # inserted in alignment preamble.
<to be read again> 
                   \cr 
l.108 \end{DoxyParams}
                      
There should be exactly one # between &'s, when an
\halign or \valign is being set up. In this case you had
none, so I've put one in; maybe that will work.

! Missing # inserted in alignment preamble.
<to be read again> 
                   &
l.108 \end{DoxyParams}
                      
There should be exactly one # between &'s, when an
\halign or \valign is being set up. In this case you had
none, so I've put one in; maybe that will work.

! Missing # inserted in alignment preamble.
<to be read again> 
                   \cr 
l.108 \end{DoxyParams}
                      
There should be exactly one # between &'s, when an
\halign or \valign is being set up. In this case you had
none, so I've put one in; maybe that will work.

! Missing # inserted in alignment preamble.
<to be read again> 
                   &
l.108 \end{DoxyParams}
                      
There should be exactly one # between &'s, when an
\halign or \valign is being set up. In this case you had
none, so I've put one in; maybe that will work.

! Missing # inserted in alignment preamble.
<to be read again> 
                   \cr 
l.108 \end{DoxyParams}
                      
There should be exactly one # between &'s, when an
\halign or \valign is being set up. In this case you had
none, so I've put one in; maybe that will work.

! Missing # inserted in alignment preamble.
<to be read again> 
                   &
l.108 \end{DoxyParams}
                      
There should be exactly one # between &'s, when an
\halign or \valign is being set up. In this case you had
none, so I've put one in; maybe that will work.

! Missing # inserted in alignment preamble.
<to be read again> 
                   \cr 
l.108 \end{DoxyParams}
                      
There should be exactly one # between &'s, when an
\halign or \valign is being set up. In this case you had
none, so I've put one in; maybe that will work.

! Missing # inserted in alignment preamble.
<to be read again> 
                   &
l.108 \end{DoxyParams}
                      
There should be exactly one # between &'s, when an
\halign or \valign is being set up. In this case you had
none, so I've put one in; maybe that will work.

! Missing # inserted in alignment preamble.
<to be read again> 
                   \cr 
l.108 \end{DoxyParams}
                      
There should be exactly one # between &'s, when an
\halign or \valign is being set up. In this case you had
none, so I've put one in; maybe that will work.

! Missing # inserted in alignment preamble.
<to be read again> 
                   &
l.108 \end{DoxyParams}
                      
There should be exactly one # between &'s, when an
\halign or \valign is being set up. In this case you had
none, so I've put one in; maybe that will work.

! Missing # inserted in alignment preamble.
<to be read again> 
                   \cr 
l.108 \end{DoxyParams}
                      
There should be exactly one # between &'s, when an
\halign or \valign is being set up. In this case you had
none, so I've put one in; maybe that will work.

! Missing # inserted in alignment preamble.
<to be read again> 
                   &
l.108 \end{DoxyParams}
                      
There should be exactly one # between &'s, when an
\halign or \valign is being set up. In this case you had
none, so I've put one in; maybe that will work.

! Missing # inserted in alignment preamble.
<to be read again> 
                   \cr 
l.108 \end{DoxyParams}
                      
There should be exactly one # between &'s, when an
\halign or \valign is being set up. In this case you had
none, so I've put one in; maybe that will work.


Package longtable Warning: Column widths have changed
(longtable)                in table 5.16 on input line 108.

 <./class_joueur_humain_addb622582f4326d98731122bafdfe5be_cgraph.pdf>
<class_joueur_humain_addb622582f4326d98731122bafdfe5be_cgraph.pdf, id=641, 413.
545pt x 100.375pt>
File: class_joueur_humain_addb622582f4326d98731122bafdfe5be_cgraph.pdf Graphic 
file (type pdf)
<use class_joueur_humain_addb622582f4326d98731122bafdfe5be_cgraph.pdf>
Package pdftex.def Info: class_joueur_humain_addb622582f4326d98731122bafdfe5be_
cgraph.pdf  used on input line 114.
(pdftex.def)             Requested size: 350.0pt x 84.95308pt.
! Undefined control sequence.
<argument> ...rtpbox {\@nextchar }\insert@pcolumn 
                                                  \@endpbox \do@row@strut \o...
l.131 \begin{DoxyParams}{Paramètres}
                                     
The control sequence at the end of the top line
of your error message was never \def'ed. If you have
misspelled it (e.g., `\hobx'), type `I' and the correct
spelling (e.g., `I\hbox'). Otherwise just continue,
and I'll forget about whatever was undefined.

! Undefined control sequence.
<argument> ...rtpbox {\@nextchar }\insert@pcolumn 
                                                  \@endpbox \do@row@strut \o...
l.131 \begin{DoxyParams}{Paramètres}
                                     
The control sequence at the end of the top line
of your error message was never \def'ed. If you have
misspelled it (e.g., `\hobx'), type `I' and the correct
spelling (e.g., `I\hbox'). Otherwise just continue,
and I'll forget about whatever was undefined.

! Missing # inserted in alignment preamble.
<to be read again> 
                   &
l.134 \end{DoxyParams}
                      
There should be exactly one # between &'s, when an
\halign or \valign is being set up. In this case you had
none, so I've put one in; maybe that will work.

! Missing # inserted in alignment preamble.
<to be read again> 
                   \cr 
l.134 \end{DoxyParams}
                      
There should be exactly one # between &'s, when an
\halign or \valign is being set up. In this case you had
none, so I've put one in; maybe that will work.

! Missing # inserted in alignment preamble.
<to be read again> 
                   &
l.134 \end{DoxyParams}
                      
There should be exactly one # between &'s, when an
\halign or \valign is being set up. In this case you had
none, so I've put one in; maybe that will work.

! Missing # inserted in alignment preamble.
<to be read again> 
                   \cr 
l.134 \end{DoxyParams}
                      
There should be exactly one # between &'s, when an
\halign or \valign is being set up. In this case you had
none, so I've put one in; maybe that will work.

! Missing # inserted in alignment preamble.
<to be read again> 
                   &
l.134 \end{DoxyParams}
                      
There should be exactly one # between &'s, when an
\halign or \valign is being set up. In this case you had
none, so I've put one in; maybe that will work.

! Missing # inserted in alignment preamble.
<to be read again> 
                   \cr 
l.134 \end{DoxyParams}
                      
There should be exactly one # between &'s, when an
\halign or \valign is being set up. In this case you had
none, so I've put one in; maybe that will work.

! Missing # inserted in alignment preamble.
<to be read again> 
                   &
l.134 \end{DoxyParams}
                      
There should be exactly one # between &'s, when an
\halign or \valign is being set up. In this case you had
none, so I've put one in; maybe that will work.

! Missing # inserted in alignment preamble.
<to be read again> 
                   \cr 
l.134 \end{DoxyParams}
                      
There should be exactly one # between &'s, when an
\halign or \valign is being set up. In this case you had
none, so I've put one in; maybe that will work.

! Missing # inserted in alignment preamble.
<to be read again> 
                   &
l.134 \end{DoxyParams}
                      
There should be exactly one # between &'s, when an
\halign or \valign is being set up. In this case you had
none, so I've put one in; maybe that will work.

! Missing # inserted in alignment preamble.
<to be read again> 
                   \cr 
l.134 \end{DoxyParams}
                      
There should be exactly one # between &'s, when an
\halign or \valign is being set up. In this case you had
none, so I've put one in; maybe that will work.

! Missing # inserted in alignment preamble.
<to be read again> 
                   &
l.134 \end{DoxyParams}
                      
There should be exactly one # between &'s, when an
\halign or \valign is being set up. In this case you had
none, so I've put one in; maybe that will work.

! Missing # inserted in alignment preamble.
<to be read again> 
                   \cr 
l.134 \end{DoxyParams}
                      
There should be exactly one # between &'s, when an
\halign or \valign is being set up. In this case you had
none, so I've put one in; maybe that will work.

! Missing # inserted in alignment preamble.
<to be read again> 
                   &
l.134 \end{DoxyParams}
                      
There should be exactly one # between &'s, when an
\halign or \valign is being set up. In this case you had
none, so I've put one in; maybe that will work.

! Missing # inserted in alignment preamble.
<to be read again> 
                   \cr 
l.134 \end{DoxyParams}
                      
There should be exactly one # between &'s, when an
\halign or \valign is being set up. In this case you had
none, so I've put one in; maybe that will work.

! Missing # inserted in alignment preamble.
<to be read again> 
                   &
l.134 \end{DoxyParams}
                      
There should be exactly one # between &'s, when an
\halign or \valign is being set up. In this case you had
none, so I've put one in; maybe that will work.

! Missing # inserted in alignment preamble.
<to be read again> 
                   \cr 
l.134 \end{DoxyParams}
                      
There should be exactly one # between &'s, when an
\halign or \valign is being set up. In this case you had
none, so I've put one in; maybe that will work.

! Missing # inserted in alignment preamble.
<to be read again> 
                   &
l.134 \end{DoxyParams}
                      
There should be exactly one # between &'s, when an
\halign or \valign is being set up. In this case you had
none, so I've put one in; maybe that will work.

! Missing # inserted in alignment preamble.
<to be read again> 
                   \cr 
l.134 \end{DoxyParams}
                      
There should be exactly one # between &'s, when an
\halign or \valign is being set up. In this case you had
none, so I've put one in; maybe that will work.


Package longtable Warning: Column widths have changed
(longtable)                in table 5.17 on input line 134.


Underfull \hbox (badness 10000) detected at line 135
[][][]
 []

 <./class_joueur_humain_ab9e184454e3c701b03b7b55a57306ad6_cgraph.pdf>
<class_joueur_humain_ab9e184454e3c701b03b7b55a57306ad6_cgraph.pdf, id=651, 502.
87875pt x 112.42pt>
File: class_joueur_humain_ab9e184454e3c701b03b7b55a57306ad6_cgraph.pdf Graphic 
file (type pdf)
<use class_joueur_humain_ab9e184454e3c701b03b7b55a57306ad6_cgraph.pdf>
Package pdftex.def Info: class_joueur_humain_ab9e184454e3c701b03b7b55a57306ad6_
cgraph.pdf  used on input line 147.
(pdftex.def)             Requested size: 350.0pt x 78.24231pt.
[24]
! Undefined control sequence.
<argument> ...rtpbox {\@nextchar }\insert@pcolumn 
                                                  \@endpbox \do@row@strut \o...
l.161 \begin{DoxyParams}{Paramètres}
                                     
The control sequence at the end of the top line
of your error message was never \def'ed. If you have
misspelled it (e.g., `\hobx'), type `I' and the correct
spelling (e.g., `I\hbox'). Otherwise just continue,
and I'll forget about whatever was undefined.

! Undefined control sequence.
<argument> ...rtpbox {\@nextchar }\insert@pcolumn 
                                                  \@endpbox \do@row@strut \o...
l.161 \begin{DoxyParams}{Paramètres}
                                     
The control sequence at the end of the top line
of your error message was never \def'ed. If you have
misspelled it (e.g., `\hobx'), type `I' and the correct
spelling (e.g., `I\hbox'). Otherwise just continue,
and I'll forget about whatever was undefined.

! Missing # inserted in alignment preamble.
<to be read again> 
                   &
l.164 \end{DoxyParams}
                      
There should be exactly one # between &'s, when an
\halign or \valign is being set up. In this case you had
none, so I've put one in; maybe that will work.

! Missing # inserted in alignment preamble.
<to be read again> 
                   \cr 
l.164 \end{DoxyParams}
                      
There should be exactly one # between &'s, when an
\halign or \valign is being set up. In this case you had
none, so I've put one in; maybe that will work.

! Missing # inserted in alignment preamble.
<to be read again> 
                   &
l.164 \end{DoxyParams}
                      
There should be exactly one # between &'s, when an
\halign or \valign is being set up. In this case you had
none, so I've put one in; maybe that will work.

! Missing # inserted in alignment preamble.
<to be read again> 
                   \cr 
l.164 \end{DoxyParams}
                      
There should be exactly one # between &'s, when an
\halign or \valign is being set up. In this case you had
none, so I've put one in; maybe that will work.

! Missing # inserted in alignment preamble.
<to be read again> 
                   &
l.164 \end{DoxyParams}
                      
There should be exactly one # between &'s, when an
\halign or \valign is being set up. In this case you had
none, so I've put one in; maybe that will work.

! Missing # inserted in alignment preamble.
<to be read again> 
                   \cr 
l.164 \end{DoxyParams}
                      
There should be exactly one # between &'s, when an
\halign or \valign is being set up. In this case you had
none, so I've put one in; maybe that will work.

! Missing # inserted in alignment preamble.
<to be read again> 
                   &
l.164 \end{DoxyParams}
                      
There should be exactly one # between &'s, when an
\halign or \valign is being set up. In this case you had
none, so I've put one in; maybe that will work.

! Missing # inserted in alignment preamble.
<to be read again> 
                   \cr 
l.164 \end{DoxyParams}
                      
There should be exactly one # between &'s, when an
\halign or \valign is being set up. In this case you had
none, so I've put one in; maybe that will work.

! Missing # inserted in alignment preamble.
<to be read again> 
                   &
l.164 \end{DoxyParams}
                      
There should be exactly one # between &'s, when an
\halign or \valign is being set up. In this case you had
none, so I've put one in; maybe that will work.

! Missing # inserted in alignment preamble.
<to be read again> 
                   \cr 
l.164 \end{DoxyParams}
                      
There should be exactly one # between &'s, when an
\halign or \valign is being set up. In this case you had
none, so I've put one in; maybe that will work.

! Missing # inserted in alignment preamble.
<to be read again> 
                   &
l.164 \end{DoxyParams}
                      
There should be exactly one # between &'s, when an
\halign or \valign is being set up. In this case you had
none, so I've put one in; maybe that will work.

! Missing # inserted in alignment preamble.
<to be read again> 
                   \cr 
l.164 \end{DoxyParams}
                      
There should be exactly one # between &'s, when an
\halign or \valign is being set up. In this case you had
none, so I've put one in; maybe that will work.

! Missing # inserted in alignment preamble.
<to be read again> 
                   &
l.164 \end{DoxyParams}
                      
There should be exactly one # between &'s, when an
\halign or \valign is being set up. In this case you had
none, so I've put one in; maybe that will work.

! Missing # inserted in alignment preamble.
<to be read again> 
                   \cr 
l.164 \end{DoxyParams}
                      
There should be exactly one # between &'s, when an
\halign or \valign is being set up. In this case you had
none, so I've put one in; maybe that will work.

! Missing # inserted in alignment preamble.
<to be read again> 
                   &
l.164 \end{DoxyParams}
                      
There should be exactly one # between &'s, when an
\halign or \valign is being set up. In this case you had
none, so I've put one in; maybe that will work.

! Missing # inserted in alignment preamble.
<to be read again> 
                   \cr 
l.164 \end{DoxyParams}
                      
There should be exactly one # between &'s, when an
\halign or \valign is being set up. In this case you had
none, so I've put one in; maybe that will work.

! Missing # inserted in alignment preamble.
<to be read again> 
                   &
l.164 \end{DoxyParams}
                      
There should be exactly one # between &'s, when an
\halign or \valign is being set up. In this case you had
none, so I've put one in; maybe that will work.

! Missing # inserted in alignment preamble.
<to be read again> 
                   \cr 
l.164 \end{DoxyParams}
                      
There should be exactly one # between &'s, when an
\halign or \valign is being set up. In this case you had
none, so I've put one in; maybe that will work.


Package longtable Warning: Column widths have changed
(longtable)                in table 5.18 on input line 164.


Underfull \hbox (badness 10000) detected at line 165
[][][]
 []

 <./class_joueur_humain_a57d186ed5cdfb8aa75ea54da9846e8fa_cgraph.pdf>
<class_joueur_humain_a57d186ed5cdfb8aa75ea54da9846e8fa_cgraph.pdf, id=679, 391.
4625pt x 100.375pt>
File: class_joueur_humain_a57d186ed5cdfb8aa75ea54da9846e8fa_cgraph.pdf Graphic 
file (type pdf)
<use class_joueur_humain_a57d186ed5cdfb8aa75ea54da9846e8fa_cgraph.pdf>
Package pdftex.def Info: class_joueur_humain_a57d186ed5cdfb8aa75ea54da9846e8fa_
cgraph.pdf  used on input line 173.
(pdftex.def)             Requested size: 350.0pt x 89.74852pt.
) (class_joueur_i_a.tex <./class_joueur_i_a__inherit__graph.pdf>
<class_joueur_i_a__inherit__graph.pdf, id=687, 232.87pt x 212.795pt>
File: class_joueur_i_a__inherit__graph.pdf Graphic file (type pdf)
<use class_joueur_i_a__inherit__graph.pdf>
Package pdftex.def Info: class_joueur_i_a__inherit__graph.pdf  used on input li
ne 19.
(pdftex.def)             Requested size: 232.0pt x 212.00868pt.
 <./class_joueur_i_a__coll__graph.pdf>
<class_joueur_i_a__coll__graph.pdf, id=695, 135.50626pt x 156.585pt>
File: class_joueur_i_a__coll__graph.pdf Graphic file (type pdf)
<use class_joueur_i_a__coll__graph.pdf>
Package pdftex.def Info: class_joueur_i_a__coll__graph.pdf  used on input line 
29.
(pdftex.def)             Requested size: 135.0pt x 156.0064pt.
[25] [26]
! Undefined control sequence.
<argument> ...rtpbox {\@nextchar }\insert@pcolumn 
                                                  \@endpbox \do@row@strut \o...
l.90 \begin{DoxyParams}{Paramètres}
                                    
The control sequence at the end of the top line
of your error message was never \def'ed. If you have
misspelled it (e.g., `\hobx'), type `I' and the correct
spelling (e.g., `I\hbox'). Otherwise just continue,
and I'll forget about whatever was undefined.

! Undefined control sequence.
<argument> ...rtpbox {\@nextchar }\insert@pcolumn 
                                                  \@endpbox \do@row@strut \o...
l.90 \begin{DoxyParams}{Paramètres}
                                    
The control sequence at the end of the top line
of your error message was never \def'ed. If you have
misspelled it (e.g., `\hobx'), type `I' and the correct
spelling (e.g., `I\hbox'). Otherwise just continue,
and I'll forget about whatever was undefined.

! Missing # inserted in alignment preamble.
<to be read again> 
                   &
l.93 \end{DoxyParams}
                     
There should be exactly one # between &'s, when an
\halign or \valign is being set up. In this case you had
none, so I've put one in; maybe that will work.

! Missing # inserted in alignment preamble.
<to be read again> 
                   \cr 
l.93 \end{DoxyParams}
                     
There should be exactly one # between &'s, when an
\halign or \valign is being set up. In this case you had
none, so I've put one in; maybe that will work.

! Missing # inserted in alignment preamble.
<to be read again> 
                   &
l.93 \end{DoxyParams}
                     
There should be exactly one # between &'s, when an
\halign or \valign is being set up. In this case you had
none, so I've put one in; maybe that will work.

! Missing # inserted in alignment preamble.
<to be read again> 
                   \cr 
l.93 \end{DoxyParams}
                     
There should be exactly one # between &'s, when an
\halign or \valign is being set up. In this case you had
none, so I've put one in; maybe that will work.

! Missing # inserted in alignment preamble.
<to be read again> 
                   &
l.93 \end{DoxyParams}
                     
There should be exactly one # between &'s, when an
\halign or \valign is being set up. In this case you had
none, so I've put one in; maybe that will work.

! Missing # inserted in alignment preamble.
<to be read again> 
                   \cr 
l.93 \end{DoxyParams}
                     
There should be exactly one # between &'s, when an
\halign or \valign is being set up. In this case you had
none, so I've put one in; maybe that will work.

! Missing # inserted in alignment preamble.
<to be read again> 
                   &
l.93 \end{DoxyParams}
                     
There should be exactly one # between &'s, when an
\halign or \valign is being set up. In this case you had
none, so I've put one in; maybe that will work.

! Missing # inserted in alignment preamble.
<to be read again> 
                   \cr 
l.93 \end{DoxyParams}
                     
There should be exactly one # between &'s, when an
\halign or \valign is being set up. In this case you had
none, so I've put one in; maybe that will work.

! Missing # inserted in alignment preamble.
<to be read again> 
                   &
l.93 \end{DoxyParams}
                     
There should be exactly one # between &'s, when an
\halign or \valign is being set up. In this case you had
none, so I've put one in; maybe that will work.

! Missing # inserted in alignment preamble.
<to be read again> 
                   \cr 
l.93 \end{DoxyParams}
                     
There should be exactly one # between &'s, when an
\halign or \valign is being set up. In this case you had
none, so I've put one in; maybe that will work.

! Missing # inserted in alignment preamble.
<to be read again> 
                   &
l.93 \end{DoxyParams}
                     
There should be exactly one # between &'s, when an
\halign or \valign is being set up. In this case you had
none, so I've put one in; maybe that will work.

! Missing # inserted in alignment preamble.
<to be read again> 
                   \cr 
l.93 \end{DoxyParams}
                     
There should be exactly one # between &'s, when an
\halign or \valign is being set up. In this case you had
none, so I've put one in; maybe that will work.

! Missing # inserted in alignment preamble.
<to be read again> 
                   &
l.93 \end{DoxyParams}
                     
There should be exactly one # between &'s, when an
\halign or \valign is being set up. In this case you had
none, so I've put one in; maybe that will work.

! Missing # inserted in alignment preamble.
<to be read again> 
                   \cr 
l.93 \end{DoxyParams}
                     
There should be exactly one # between &'s, when an
\halign or \valign is being set up. In this case you had
none, so I've put one in; maybe that will work.

! Missing # inserted in alignment preamble.
<to be read again> 
                   &
l.93 \end{DoxyParams}
                     
There should be exactly one # between &'s, when an
\halign or \valign is being set up. In this case you had
none, so I've put one in; maybe that will work.

! Missing # inserted in alignment preamble.
<to be read again> 
                   \cr 
l.93 \end{DoxyParams}
                     
There should be exactly one # between &'s, when an
\halign or \valign is being set up. In this case you had
none, so I've put one in; maybe that will work.

! Missing # inserted in alignment preamble.
<to be read again> 
                   &
l.93 \end{DoxyParams}
                     
There should be exactly one # between &'s, when an
\halign or \valign is being set up. In this case you had
none, so I've put one in; maybe that will work.

! Missing # inserted in alignment preamble.
<to be read again> 
                   \cr 
l.93 \end{DoxyParams}
                     
There should be exactly one # between &'s, when an
\halign or \valign is being set up. In this case you had
none, so I've put one in; maybe that will work.


Package longtable Warning: Column widths have changed
(longtable)                in table 5.19 on input line 93.

! Undefined control sequence.
<argument> ...rtpbox {\@nextchar }\insert@pcolumn 
                                                  \@endpbox \do@row@strut \o...
l.105 \begin{DoxyParams}{Paramètres}
                                     
The control sequence at the end of the top line
of your error message was never \def'ed. If you have
misspelled it (e.g., `\hobx'), type `I' and the correct
spelling (e.g., `I\hbox'). Otherwise just continue,
and I'll forget about whatever was undefined.

! Undefined control sequence.
<argument> ...rtpbox {\@nextchar }\insert@pcolumn 
                                                  \@endpbox \do@row@strut \o...
l.105 \begin{DoxyParams}{Paramètres}
                                     
The control sequence at the end of the top line
of your error message was never \def'ed. If you have
misspelled it (e.g., `\hobx'), type `I' and the correct
spelling (e.g., `I\hbox'). Otherwise just continue,
and I'll forget about whatever was undefined.

! Missing # inserted in alignment preamble.
<to be read again> 
                   &
l.110 \end{DoxyParams}
                      
There should be exactly one # between &'s, when an
\halign or \valign is being set up. In this case you had
none, so I've put one in; maybe that will work.

! Missing # inserted in alignment preamble.
<to be read again> 
                   \cr 
l.110 \end{DoxyParams}
                      
There should be exactly one # between &'s, when an
\halign or \valign is being set up. In this case you had
none, so I've put one in; maybe that will work.

! Missing # inserted in alignment preamble.
<to be read again> 
                   &
l.110 \end{DoxyParams}
                      
There should be exactly one # between &'s, when an
\halign or \valign is being set up. In this case you had
none, so I've put one in; maybe that will work.

! Missing # inserted in alignment preamble.
<to be read again> 
                   \cr 
l.110 \end{DoxyParams}
                      
There should be exactly one # between &'s, when an
\halign or \valign is being set up. In this case you had
none, so I've put one in; maybe that will work.

! Missing # inserted in alignment preamble.
<to be read again> 
                   &
l.110 \end{DoxyParams}
                      
There should be exactly one # between &'s, when an
\halign or \valign is being set up. In this case you had
none, so I've put one in; maybe that will work.

! Missing # inserted in alignment preamble.
<to be read again> 
                   \cr 
l.110 \end{DoxyParams}
                      
There should be exactly one # between &'s, when an
\halign or \valign is being set up. In this case you had
none, so I've put one in; maybe that will work.

! Missing # inserted in alignment preamble.
<to be read again> 
                   &
l.110 \end{DoxyParams}
                      
There should be exactly one # between &'s, when an
\halign or \valign is being set up. In this case you had
none, so I've put one in; maybe that will work.

! Missing # inserted in alignment preamble.
<to be read again> 
                   \cr 
l.110 \end{DoxyParams}
                      
There should be exactly one # between &'s, when an
\halign or \valign is being set up. In this case you had
none, so I've put one in; maybe that will work.

! Missing # inserted in alignment preamble.
<to be read again> 
                   &
l.110 \end{DoxyParams}
                      
There should be exactly one # between &'s, when an
\halign or \valign is being set up. In this case you had
none, so I've put one in; maybe that will work.

! Missing # inserted in alignment preamble.
<to be read again> 
                   \cr 
l.110 \end{DoxyParams}
                      
There should be exactly one # between &'s, when an
\halign or \valign is being set up. In this case you had
none, so I've put one in; maybe that will work.

! Missing # inserted in alignment preamble.
<to be read again> 
                   &
l.110 \end{DoxyParams}
                      
There should be exactly one # between &'s, when an
\halign or \valign is being set up. In this case you had
none, so I've put one in; maybe that will work.

! Missing # inserted in alignment preamble.
<to be read again> 
                   \cr 
l.110 \end{DoxyParams}
                      
There should be exactly one # between &'s, when an
\halign or \valign is being set up. In this case you had
none, so I've put one in; maybe that will work.

! Missing # inserted in alignment preamble.
<to be read again> 
                   &
l.110 \end{DoxyParams}
                      
There should be exactly one # between &'s, when an
\halign or \valign is being set up. In this case you had
none, so I've put one in; maybe that will work.

! Missing # inserted in alignment preamble.
<to be read again> 
                   \cr 
l.110 \end{DoxyParams}
                      
There should be exactly one # between &'s, when an
\halign or \valign is being set up. In this case you had
none, so I've put one in; maybe that will work.

! Missing # inserted in alignment preamble.
<to be read again> 
                   &
l.110 \end{DoxyParams}
                      
There should be exactly one # between &'s, when an
\halign or \valign is being set up. In this case you had
none, so I've put one in; maybe that will work.

! Missing # inserted in alignment preamble.
<to be read again> 
                   \cr 
l.110 \end{DoxyParams}
                      
There should be exactly one # between &'s, when an
\halign or \valign is being set up. In this case you had
none, so I've put one in; maybe that will work.

! Missing # inserted in alignment preamble.
<to be read again> 
                   &
l.110 \end{DoxyParams}
                      
There should be exactly one # between &'s, when an
\halign or \valign is being set up. In this case you had
none, so I've put one in; maybe that will work.

! Missing # inserted in alignment preamble.
<to be read again> 
                   \cr 
l.110 \end{DoxyParams}
                      
There should be exactly one # between &'s, when an
\halign or \valign is being set up. In this case you had
none, so I've put one in; maybe that will work.


Package longtable Warning: Column widths have changed
(longtable)                in table 5.20 on input line 110.

! Undefined control sequence.
<argument> ...rtpbox {\@nextchar }\insert@pcolumn 
                                                  \@endpbox \do@row@strut \o...
l.122 \begin{DoxyParams}{Paramètres}
                                     
The control sequence at the end of the top line
of your error message was never \def'ed. If you have
misspelled it (e.g., `\hobx'), type `I' and the correct
spelling (e.g., `I\hbox'). Otherwise just continue,
and I'll forget about whatever was undefined.

! Undefined control sequence.
<argument> ...rtpbox {\@nextchar }\insert@pcolumn 
                                                  \@endpbox \do@row@strut \o...
l.122 \begin{DoxyParams}{Paramètres}
                                     
The control sequence at the end of the top line
of your error message was never \def'ed. If you have
misspelled it (e.g., `\hobx'), type `I' and the correct
spelling (e.g., `I\hbox'). Otherwise just continue,
and I'll forget about whatever was undefined.

! Missing # inserted in alignment preamble.
<to be read again> 
                   &
l.125 \end{DoxyParams}
                      
There should be exactly one # between &'s, when an
\halign or \valign is being set up. In this case you had
none, so I've put one in; maybe that will work.

! Missing # inserted in alignment preamble.
<to be read again> 
                   \cr 
l.125 \end{DoxyParams}
                      
There should be exactly one # between &'s, when an
\halign or \valign is being set up. In this case you had
none, so I've put one in; maybe that will work.

! Missing # inserted in alignment preamble.
<to be read again> 
                   &
l.125 \end{DoxyParams}
                      
There should be exactly one # between &'s, when an
\halign or \valign is being set up. In this case you had
none, so I've put one in; maybe that will work.

! Missing # inserted in alignment preamble.
<to be read again> 
                   \cr 
l.125 \end{DoxyParams}
                      
There should be exactly one # between &'s, when an
\halign or \valign is being set up. In this case you had
none, so I've put one in; maybe that will work.

! Missing # inserted in alignment preamble.
<to be read again> 
                   &
l.125 \end{DoxyParams}
                      
There should be exactly one # between &'s, when an
\halign or \valign is being set up. In this case you had
none, so I've put one in; maybe that will work.

! Missing # inserted in alignment preamble.
<to be read again> 
                   \cr 
l.125 \end{DoxyParams}
                      
There should be exactly one # between &'s, when an
\halign or \valign is being set up. In this case you had
none, so I've put one in; maybe that will work.

! Missing # inserted in alignment preamble.
<to be read again> 
                   &
l.125 \end{DoxyParams}
                      
There should be exactly one # between &'s, when an
\halign or \valign is being set up. In this case you had
none, so I've put one in; maybe that will work.

! Missing # inserted in alignment preamble.
<to be read again> 
                   \cr 
l.125 \end{DoxyParams}
                      
There should be exactly one # between &'s, when an
\halign or \valign is being set up. In this case you had
none, so I've put one in; maybe that will work.

! Missing # inserted in alignment preamble.
<to be read again> 
                   &
l.125 \end{DoxyParams}
                      
There should be exactly one # between &'s, when an
\halign or \valign is being set up. In this case you had
none, so I've put one in; maybe that will work.

! Missing # inserted in alignment preamble.
<to be read again> 
                   \cr 
l.125 \end{DoxyParams}
                      
There should be exactly one # between &'s, when an
\halign or \valign is being set up. In this case you had
none, so I've put one in; maybe that will work.

! Missing # inserted in alignment preamble.
<to be read again> 
                   &
l.125 \end{DoxyParams}
                      
There should be exactly one # between &'s, when an
\halign or \valign is being set up. In this case you had
none, so I've put one in; maybe that will work.

! Missing # inserted in alignment preamble.
<to be read again> 
                   \cr 
l.125 \end{DoxyParams}
                      
There should be exactly one # between &'s, when an
\halign or \valign is being set up. In this case you had
none, so I've put one in; maybe that will work.

! Missing # inserted in alignment preamble.
<to be read again> 
                   &
l.125 \end{DoxyParams}
                      
There should be exactly one # between &'s, when an
\halign or \valign is being set up. In this case you had
none, so I've put one in; maybe that will work.

! Missing # inserted in alignment preamble.
<to be read again> 
                   \cr 
l.125 \end{DoxyParams}
                      
There should be exactly one # between &'s, when an
\halign or \valign is being set up. In this case you had
none, so I've put one in; maybe that will work.

! Missing # inserted in alignment preamble.
<to be read again> 
                   &
l.125 \end{DoxyParams}
                      
There should be exactly one # between &'s, when an
\halign or \valign is being set up. In this case you had
none, so I've put one in; maybe that will work.

! Missing # inserted in alignment preamble.
<to be read again> 
                   \cr 
l.125 \end{DoxyParams}
                      
There should be exactly one # between &'s, when an
\halign or \valign is being set up. In this case you had
none, so I've put one in; maybe that will work.

! Missing # inserted in alignment preamble.
<to be read again> 
                   &
l.125 \end{DoxyParams}
                      
There should be exactly one # between &'s, when an
\halign or \valign is being set up. In this case you had
none, so I've put one in; maybe that will work.

! Missing # inserted in alignment preamble.
<to be read again> 
                   \cr 
l.125 \end{DoxyParams}
                      
There should be exactly one # between &'s, when an
\halign or \valign is being set up. In this case you had
none, so I've put one in; maybe that will work.


Package longtable Warning: Column widths have changed
(longtable)                in table 5.21 on input line 125.

 <./class_joueur_i_a_ae3b8581e5ed6506b594cd9e73c33362e_cgraph.pdf>
<class_joueur_i_a_ae3b8581e5ed6506b594cd9e73c33362e_cgraph.pdf, id=751, 317.185
pt x 100.375pt>
File: class_joueur_i_a_ae3b8581e5ed6506b594cd9e73c33362e_cgraph.pdf Graphic fil
e (type pdf)
<use class_joueur_i_a_ae3b8581e5ed6506b594cd9e73c33362e_cgraph.pdf>
Package pdftex.def Info: class_joueur_i_a_ae3b8581e5ed6506b594cd9e73c33362e_cgr
aph.pdf  used on input line 131.
(pdftex.def)             Requested size: 316.0pt x 100.00868pt.
! Undefined control sequence.
<argument> ...rtpbox {\@nextchar }\insert@pcolumn 
                                                  \@endpbox \do@row@strut \o...
l.148 \begin{DoxyParams}{Paramètres}
                                     
The control sequence at the end of the top line
of your error message was never \def'ed. If you have
misspelled it (e.g., `\hobx'), type `I' and the correct
spelling (e.g., `I\hbox'). Otherwise just continue,
and I'll forget about whatever was undefined.

! Undefined control sequence.
<argument> ...rtpbox {\@nextchar }\insert@pcolumn 
                                                  \@endpbox \do@row@strut \o...
l.148 \begin{DoxyParams}{Paramètres}
                                     
The control sequence at the end of the top line
of your error message was never \def'ed. If you have
misspelled it (e.g., `\hobx'), type `I' and the correct
spelling (e.g., `I\hbox'). Otherwise just continue,
and I'll forget about whatever was undefined.

! Missing # inserted in alignment preamble.
<to be read again> 
                   &
l.151 \end{DoxyParams}
                      
There should be exactly one # between &'s, when an
\halign or \valign is being set up. In this case you had
none, so I've put one in; maybe that will work.

! Missing # inserted in alignment preamble.
<to be read again> 
                   \cr 
l.151 \end{DoxyParams}
                      
There should be exactly one # between &'s, when an
\halign or \valign is being set up. In this case you had
none, so I've put one in; maybe that will work.

! Missing # inserted in alignment preamble.
<to be read again> 
                   &
l.151 \end{DoxyParams}
                      
There should be exactly one # between &'s, when an
\halign or \valign is being set up. In this case you had
none, so I've put one in; maybe that will work.

! Missing # inserted in alignment preamble.
<to be read again> 
                   \cr 
l.151 \end{DoxyParams}
                      
There should be exactly one # between &'s, when an
\halign or \valign is being set up. In this case you had
none, so I've put one in; maybe that will work.

! Missing # inserted in alignment preamble.
<to be read again> 
                   &
l.151 \end{DoxyParams}
                      
There should be exactly one # between &'s, when an
\halign or \valign is being set up. In this case you had
none, so I've put one in; maybe that will work.

! Missing # inserted in alignment preamble.
<to be read again> 
                   \cr 
l.151 \end{DoxyParams}
                      
There should be exactly one # between &'s, when an
\halign or \valign is being set up. In this case you had
none, so I've put one in; maybe that will work.

! Missing # inserted in alignment preamble.
<to be read again> 
                   &
l.151 \end{DoxyParams}
                      
There should be exactly one # between &'s, when an
\halign or \valign is being set up. In this case you had
none, so I've put one in; maybe that will work.

! Missing # inserted in alignment preamble.
<to be read again> 
                   \cr 
l.151 \end{DoxyParams}
                      
There should be exactly one # between &'s, when an
\halign or \valign is being set up. In this case you had
none, so I've put one in; maybe that will work.

! Missing # inserted in alignment preamble.
<to be read again> 
                   &
l.151 \end{DoxyParams}
                      
There should be exactly one # between &'s, when an
\halign or \valign is being set up. In this case you had
none, so I've put one in; maybe that will work.

! Missing # inserted in alignment preamble.
<to be read again> 
                   \cr 
l.151 \end{DoxyParams}
                      
There should be exactly one # between &'s, when an
\halign or \valign is being set up. In this case you had
none, so I've put one in; maybe that will work.

! Missing # inserted in alignment preamble.
<to be read again> 
                   &
l.151 \end{DoxyParams}
                      
There should be exactly one # between &'s, when an
\halign or \valign is being set up. In this case you had
none, so I've put one in; maybe that will work.

! Missing # inserted in alignment preamble.
<to be read again> 
                   \cr 
l.151 \end{DoxyParams}
                      
There should be exactly one # between &'s, when an
\halign or \valign is being set up. In this case you had
none, so I've put one in; maybe that will work.

! Missing # inserted in alignment preamble.
<to be read again> 
                   &
l.151 \end{DoxyParams}
                      
There should be exactly one # between &'s, when an
\halign or \valign is being set up. In this case you had
none, so I've put one in; maybe that will work.

! Missing # inserted in alignment preamble.
<to be read again> 
                   \cr 
l.151 \end{DoxyParams}
                      
There should be exactly one # between &'s, when an
\halign or \valign is being set up. In this case you had
none, so I've put one in; maybe that will work.

! Missing # inserted in alignment preamble.
<to be read again> 
                   &
l.151 \end{DoxyParams}
                      
There should be exactly one # between &'s, when an
\halign or \valign is being set up. In this case you had
none, so I've put one in; maybe that will work.

! Missing # inserted in alignment preamble.
<to be read again> 
                   \cr 
l.151 \end{DoxyParams}
                      
There should be exactly one # between &'s, when an
\halign or \valign is being set up. In this case you had
none, so I've put one in; maybe that will work.

! Missing # inserted in alignment preamble.
<to be read again> 
                   &
l.151 \end{DoxyParams}
                      
There should be exactly one # between &'s, when an
\halign or \valign is being set up. In this case you had
none, so I've put one in; maybe that will work.

! Missing # inserted in alignment preamble.
<to be read again> 
                   \cr 
l.151 \end{DoxyParams}
                      
There should be exactly one # between &'s, when an
\halign or \valign is being set up. In this case you had
none, so I've put one in; maybe that will work.


Package longtable Warning: Column widths have changed
(longtable)                in table 5.22 on input line 151.

[27]
Underfull \hbox (badness 10000) detected at line 152
[][][]
 []

 <./class_joueur_i_a_a454d23bbe2a080d68769dd6097176222_cgraph.pdf>
<class_joueur_i_a_a454d23bbe2a080d68769dd6097176222_cgraph.pdf, id=780, 319.192
5pt x 100.375pt>
File: class_joueur_i_a_a454d23bbe2a080d68769dd6097176222_cgraph.pdf Graphic fil
e (type pdf)
<use class_joueur_i_a_a454d23bbe2a080d68769dd6097176222_cgraph.pdf>
Package pdftex.def Info: class_joueur_i_a_a454d23bbe2a080d68769dd6097176222_cgr
aph.pdf  used on input line 160.
(pdftex.def)             Requested size: 318.0pt x 100.00102pt.
) (class_joueur_m_p_i.tex) (class_partie.tex <./class_partie__coll__graph.pdf>
<class_partie__coll__graph.pdf, id=791, 206.7725pt x 180.675pt>
File: class_partie__coll__graph.pdf Graphic file (type pdf)
<use class_partie__coll__graph.pdf>
Package pdftex.def Info: class_partie__coll__graph.pdf  used on input line 19.
(pdftex.def)             Requested size: 206.0pt x 180.00462pt.
[28]
! Undefined control sequence.
<argument> ...rtpbox {\@nextchar }\insert@pcolumn 
                                                  \@endpbox \do@row@strut \o...
l.85 \begin{DoxyParams}{Paramètres}
                                    
The control sequence at the end of the top line
of your error message was never \def'ed. If you have
misspelled it (e.g., `\hobx'), type `I' and the correct
spelling (e.g., `I\hbox'). Otherwise just continue,
and I'll forget about whatever was undefined.

! Undefined control sequence.
<argument> ...rtpbox {\@nextchar }\insert@pcolumn 
                                                  \@endpbox \do@row@strut \o...
l.85 \begin{DoxyParams}{Paramètres}
                                    
The control sequence at the end of the top line
of your error message was never \def'ed. If you have
misspelled it (e.g., `\hobx'), type `I' and the correct
spelling (e.g., `I\hbox'). Otherwise just continue,
and I'll forget about whatever was undefined.

! Missing # inserted in alignment preamble.
<to be read again> 
                   &
l.90 \end{DoxyParams}
                     
There should be exactly one # between &'s, when an
\halign or \valign is being set up. In this case you had
none, so I've put one in; maybe that will work.

! Missing # inserted in alignment preamble.
<to be read again> 
                   \cr 
l.90 \end{DoxyParams}
                     
There should be exactly one # between &'s, when an
\halign or \valign is being set up. In this case you had
none, so I've put one in; maybe that will work.

! Missing # inserted in alignment preamble.
<to be read again> 
                   &
l.90 \end{DoxyParams}
                     
There should be exactly one # between &'s, when an
\halign or \valign is being set up. In this case you had
none, so I've put one in; maybe that will work.

! Missing # inserted in alignment preamble.
<to be read again> 
                   \cr 
l.90 \end{DoxyParams}
                     
There should be exactly one # between &'s, when an
\halign or \valign is being set up. In this case you had
none, so I've put one in; maybe that will work.

! Missing # inserted in alignment preamble.
<to be read again> 
                   &
l.90 \end{DoxyParams}
                     
There should be exactly one # between &'s, when an
\halign or \valign is being set up. In this case you had
none, so I've put one in; maybe that will work.

! Missing # inserted in alignment preamble.
<to be read again> 
                   \cr 
l.90 \end{DoxyParams}
                     
There should be exactly one # between &'s, when an
\halign or \valign is being set up. In this case you had
none, so I've put one in; maybe that will work.

! Missing # inserted in alignment preamble.
<to be read again> 
                   &
l.90 \end{DoxyParams}
                     
There should be exactly one # between &'s, when an
\halign or \valign is being set up. In this case you had
none, so I've put one in; maybe that will work.

! Missing # inserted in alignment preamble.
<to be read again> 
                   \cr 
l.90 \end{DoxyParams}
                     
There should be exactly one # between &'s, when an
\halign or \valign is being set up. In this case you had
none, so I've put one in; maybe that will work.

! Missing # inserted in alignment preamble.
<to be read again> 
                   &
l.90 \end{DoxyParams}
                     
There should be exactly one # between &'s, when an
\halign or \valign is being set up. In this case you had
none, so I've put one in; maybe that will work.

! Missing # inserted in alignment preamble.
<to be read again> 
                   \cr 
l.90 \end{DoxyParams}
                     
There should be exactly one # between &'s, when an
\halign or \valign is being set up. In this case you had
none, so I've put one in; maybe that will work.

! Missing # inserted in alignment preamble.
<to be read again> 
                   &
l.90 \end{DoxyParams}
                     
There should be exactly one # between &'s, when an
\halign or \valign is being set up. In this case you had
none, so I've put one in; maybe that will work.

! Missing # inserted in alignment preamble.
<to be read again> 
                   \cr 
l.90 \end{DoxyParams}
                     
There should be exactly one # between &'s, when an
\halign or \valign is being set up. In this case you had
none, so I've put one in; maybe that will work.

! Missing # inserted in alignment preamble.
<to be read again> 
                   &
l.90 \end{DoxyParams}
                     
There should be exactly one # between &'s, when an
\halign or \valign is being set up. In this case you had
none, so I've put one in; maybe that will work.

! Missing # inserted in alignment preamble.
<to be read again> 
                   \cr 
l.90 \end{DoxyParams}
                     
There should be exactly one # between &'s, when an
\halign or \valign is being set up. In this case you had
none, so I've put one in; maybe that will work.

! Missing # inserted in alignment preamble.
<to be read again> 
                   &
l.90 \end{DoxyParams}
                     
There should be exactly one # between &'s, when an
\halign or \valign is being set up. In this case you had
none, so I've put one in; maybe that will work.

! Missing # inserted in alignment preamble.
<to be read again> 
                   \cr 
l.90 \end{DoxyParams}
                     
There should be exactly one # between &'s, when an
\halign or \valign is being set up. In this case you had
none, so I've put one in; maybe that will work.

! Missing # inserted in alignment preamble.
<to be read again> 
                   &
l.90 \end{DoxyParams}
                     
There should be exactly one # between &'s, when an
\halign or \valign is being set up. In this case you had
none, so I've put one in; maybe that will work.

! Missing # inserted in alignment preamble.
<to be read again> 
                   \cr 
l.90 \end{DoxyParams}
                     
There should be exactly one # between &'s, when an
\halign or \valign is being set up. In this case you had
none, so I've put one in; maybe that will work.


Package longtable Warning: Column widths have changed
(longtable)                in table 5.23 on input line 90.

! Undefined control sequence.
<argument> ...rtpbox {\@nextchar }\insert@pcolumn 
                                                  \@endpbox \do@row@strut \o...
l.102 \begin{DoxyParams}{Paramètres}
                                     
The control sequence at the end of the top line
of your error message was never \def'ed. If you have
misspelled it (e.g., `\hobx'), type `I' and the correct
spelling (e.g., `I\hbox'). Otherwise just continue,
and I'll forget about whatever was undefined.

! Undefined control sequence.
<argument> ...rtpbox {\@nextchar }\insert@pcolumn 
                                                  \@endpbox \do@row@strut \o...
l.102 \begin{DoxyParams}{Paramètres}
                                     
The control sequence at the end of the top line
of your error message was never \def'ed. If you have
misspelled it (e.g., `\hobx'), type `I' and the correct
spelling (e.g., `I\hbox'). Otherwise just continue,
and I'll forget about whatever was undefined.

! Missing # inserted in alignment preamble.
<to be read again> 
                   &
l.105 \end{DoxyParams}
                      
There should be exactly one # between &'s, when an
\halign or \valign is being set up. In this case you had
none, so I've put one in; maybe that will work.

! Missing # inserted in alignment preamble.
<to be read again> 
                   \cr 
l.105 \end{DoxyParams}
                      
There should be exactly one # between &'s, when an
\halign or \valign is being set up. In this case you had
none, so I've put one in; maybe that will work.

! Missing # inserted in alignment preamble.
<to be read again> 
                   &
l.105 \end{DoxyParams}
                      
There should be exactly one # between &'s, when an
\halign or \valign is being set up. In this case you had
none, so I've put one in; maybe that will work.

! Missing # inserted in alignment preamble.
<to be read again> 
                   \cr 
l.105 \end{DoxyParams}
                      
There should be exactly one # between &'s, when an
\halign or \valign is being set up. In this case you had
none, so I've put one in; maybe that will work.

! Missing # inserted in alignment preamble.
<to be read again> 
                   &
l.105 \end{DoxyParams}
                      
There should be exactly one # between &'s, when an
\halign or \valign is being set up. In this case you had
none, so I've put one in; maybe that will work.

! Missing # inserted in alignment preamble.
<to be read again> 
                   \cr 
l.105 \end{DoxyParams}
                      
There should be exactly one # between &'s, when an
\halign or \valign is being set up. In this case you had
none, so I've put one in; maybe that will work.

! Missing # inserted in alignment preamble.
<to be read again> 
                   &
l.105 \end{DoxyParams}
                      
There should be exactly one # between &'s, when an
\halign or \valign is being set up. In this case you had
none, so I've put one in; maybe that will work.

! Missing # inserted in alignment preamble.
<to be read again> 
                   \cr 
l.105 \end{DoxyParams}
                      
There should be exactly one # between &'s, when an
\halign or \valign is being set up. In this case you had
none, so I've put one in; maybe that will work.

! Missing # inserted in alignment preamble.
<to be read again> 
                   &
l.105 \end{DoxyParams}
                      
There should be exactly one # between &'s, when an
\halign or \valign is being set up. In this case you had
none, so I've put one in; maybe that will work.

! Missing # inserted in alignment preamble.
<to be read again> 
                   \cr 
l.105 \end{DoxyParams}
                      
There should be exactly one # between &'s, when an
\halign or \valign is being set up. In this case you had
none, so I've put one in; maybe that will work.

! Missing # inserted in alignment preamble.
<to be read again> 
                   &
l.105 \end{DoxyParams}
                      
There should be exactly one # between &'s, when an
\halign or \valign is being set up. In this case you had
none, so I've put one in; maybe that will work.

! Missing # inserted in alignment preamble.
<to be read again> 
                   \cr 
l.105 \end{DoxyParams}
                      
There should be exactly one # between &'s, when an
\halign or \valign is being set up. In this case you had
none, so I've put one in; maybe that will work.

! Missing # inserted in alignment preamble.
<to be read again> 
                   &
l.105 \end{DoxyParams}
                      
There should be exactly one # between &'s, when an
\halign or \valign is being set up. In this case you had
none, so I've put one in; maybe that will work.

! Missing # inserted in alignment preamble.
<to be read again> 
                   \cr 
l.105 \end{DoxyParams}
                      
There should be exactly one # between &'s, when an
\halign or \valign is being set up. In this case you had
none, so I've put one in; maybe that will work.

! Missing # inserted in alignment preamble.
<to be read again> 
                   &
l.105 \end{DoxyParams}
                      
There should be exactly one # between &'s, when an
\halign or \valign is being set up. In this case you had
none, so I've put one in; maybe that will work.

! Missing # inserted in alignment preamble.
<to be read again> 
                   \cr 
l.105 \end{DoxyParams}
                      
There should be exactly one # between &'s, when an
\halign or \valign is being set up. In this case you had
none, so I've put one in; maybe that will work.

! Missing # inserted in alignment preamble.
<to be read again> 
                   &
l.105 \end{DoxyParams}
                      
There should be exactly one # between &'s, when an
\halign or \valign is being set up. In this case you had
none, so I've put one in; maybe that will work.

! Missing # inserted in alignment preamble.
<to be read again> 
                   \cr 
l.105 \end{DoxyParams}
                      
There should be exactly one # between &'s, when an
\halign or \valign is being set up. In this case you had
none, so I've put one in; maybe that will work.

[29] [30]

Package longtable Warning: Column widths have changed
(longtable)                in table 5.24 on input line 105.

 <./class_partie_a9bbb215eb08f9108cd733ada69f2cdfb_cgraph.pdf>
<class_partie_a9bbb215eb08f9108cd733ada69f2cdfb_cgraph.pdf, id=872, 262.9825pt 
x 100.375pt>
File: class_partie_a9bbb215eb08f9108cd733ada69f2cdfb_cgraph.pdf Graphic file (t
ype pdf)
<use class_partie_a9bbb215eb08f9108cd733ada69f2cdfb_cgraph.pdf>
Package pdftex.def Info: class_partie_a9bbb215eb08f9108cd733ada69f2cdfb_cgraph.
pdf  used on input line 111.
(pdftex.def)             Requested size: 262.0pt x 100.00409pt.

Underfull \hbox (badness 10000) detected at line 127
[][][]
 []

 <./class_partie_a932d5700f97a39216697feff60960b1b_cgraph.pdf>
<class_partie_a932d5700f97a39216697feff60960b1b_cgraph.pdf, id=881, 431.6125pt 
x 176.66pt>
File: class_partie_a932d5700f97a39216697feff60960b1b_cgraph.pdf Graphic file (t
ype pdf)
<use class_partie_a932d5700f97a39216697feff60960b1b_cgraph.pdf>
Package pdftex.def Info: class_partie_a932d5700f97a39216697feff60960b1b_cgraph.
pdf  used on input line 145.
(pdftex.def)             Requested size: 350.0pt x 143.26094pt.
! Undefined control sequence.
<argument> ...rtpbox {\@nextchar }\insert@pcolumn 
                                                  \@endpbox \do@row@strut \o...
l.159 \begin{DoxyParams}{Paramètres}
                                     
The control sequence at the end of the top line
of your error message was never \def'ed. If you have
misspelled it (e.g., `\hobx'), type `I' and the correct
spelling (e.g., `I\hbox'). Otherwise just continue,
and I'll forget about whatever was undefined.

! Undefined control sequence.
<argument> ...rtpbox {\@nextchar }\insert@pcolumn 
                                                  \@endpbox \do@row@strut \o...
l.159 \begin{DoxyParams}{Paramètres}
                                     
The control sequence at the end of the top line
of your error message was never \def'ed. If you have
misspelled it (e.g., `\hobx'), type `I' and the correct
spelling (e.g., `I\hbox'). Otherwise just continue,
and I'll forget about whatever was undefined.

! Missing # inserted in alignment preamble.
<to be read again> 
                   &
l.162 \end{DoxyParams}
                      
There should be exactly one # between &'s, when an
\halign or \valign is being set up. In this case you had
none, so I've put one in; maybe that will work.

! Missing # inserted in alignment preamble.
<to be read again> 
                   \cr 
l.162 \end{DoxyParams}
                      
There should be exactly one # between &'s, when an
\halign or \valign is being set up. In this case you had
none, so I've put one in; maybe that will work.

! Missing # inserted in alignment preamble.
<to be read again> 
                   &
l.162 \end{DoxyParams}
                      
There should be exactly one # between &'s, when an
\halign or \valign is being set up. In this case you had
none, so I've put one in; maybe that will work.

! Missing # inserted in alignment preamble.
<to be read again> 
                   \cr 
l.162 \end{DoxyParams}
                      
There should be exactly one # between &'s, when an
\halign or \valign is being set up. In this case you had
none, so I've put one in; maybe that will work.

! Missing # inserted in alignment preamble.
<to be read again> 
                   &
l.162 \end{DoxyParams}
                      
There should be exactly one # between &'s, when an
\halign or \valign is being set up. In this case you had
none, so I've put one in; maybe that will work.

! Missing # inserted in alignment preamble.
<to be read again> 
                   \cr 
l.162 \end{DoxyParams}
                      
There should be exactly one # between &'s, when an
\halign or \valign is being set up. In this case you had
none, so I've put one in; maybe that will work.

! Missing # inserted in alignment preamble.
<to be read again> 
                   &
l.162 \end{DoxyParams}
                      
There should be exactly one # between &'s, when an
\halign or \valign is being set up. In this case you had
none, so I've put one in; maybe that will work.

! Missing # inserted in alignment preamble.
<to be read again> 
                   \cr 
l.162 \end{DoxyParams}
                      
There should be exactly one # between &'s, when an
\halign or \valign is being set up. In this case you had
none, so I've put one in; maybe that will work.

! Missing # inserted in alignment preamble.
<to be read again> 
                   &
l.162 \end{DoxyParams}
                      
There should be exactly one # between &'s, when an
\halign or \valign is being set up. In this case you had
none, so I've put one in; maybe that will work.

! Missing # inserted in alignment preamble.
<to be read again> 
                   \cr 
l.162 \end{DoxyParams}
                      
There should be exactly one # between &'s, when an
\halign or \valign is being set up. In this case you had
none, so I've put one in; maybe that will work.

! Missing # inserted in alignment preamble.
<to be read again> 
                   &
l.162 \end{DoxyParams}
                      
There should be exactly one # between &'s, when an
\halign or \valign is being set up. In this case you had
none, so I've put one in; maybe that will work.

! Missing # inserted in alignment preamble.
<to be read again> 
                   \cr 
l.162 \end{DoxyParams}
                      
There should be exactly one # between &'s, when an
\halign or \valign is being set up. In this case you had
none, so I've put one in; maybe that will work.

! Missing # inserted in alignment preamble.
<to be read again> 
                   &
l.162 \end{DoxyParams}
                      
There should be exactly one # between &'s, when an
\halign or \valign is being set up. In this case you had
none, so I've put one in; maybe that will work.

! Missing # inserted in alignment preamble.
<to be read again> 
                   \cr 
l.162 \end{DoxyParams}
                      
There should be exactly one # between &'s, when an
\halign or \valign is being set up. In this case you had
none, so I've put one in; maybe that will work.

! Missing # inserted in alignment preamble.
<to be read again> 
                   &
l.162 \end{DoxyParams}
                      
There should be exactly one # between &'s, when an
\halign or \valign is being set up. In this case you had
none, so I've put one in; maybe that will work.

! Missing # inserted in alignment preamble.
<to be read again> 
                   \cr 
l.162 \end{DoxyParams}
                      
There should be exactly one # between &'s, when an
\halign or \valign is being set up. In this case you had
none, so I've put one in; maybe that will work.

! Missing # inserted in alignment preamble.
<to be read again> 
                   &
l.162 \end{DoxyParams}
                      
There should be exactly one # between &'s, when an
\halign or \valign is being set up. In this case you had
none, so I've put one in; maybe that will work.

! Missing # inserted in alignment preamble.
<to be read again> 
                   \cr 
l.162 \end{DoxyParams}
                      
There should be exactly one # between &'s, when an
\halign or \valign is being set up. In this case you had
none, so I've put one in; maybe that will work.


Package longtable Warning: Column widths have changed
(longtable)                in table 5.25 on input line 162.

[31]
Underfull \hbox (badness 10000) detected at line 163
[][][]
 []

 <./class_partie_ae170a55b1096fbe4b941399cbf03a8ec_cgraph.pdf>
<class_partie_ae170a55b1096fbe4b941399cbf03a8ec_cgraph.pdf, id=902, 343.2825pt 
x 138.5175pt>
File: class_partie_ae170a55b1096fbe4b941399cbf03a8ec_cgraph.pdf Graphic file (t
ype pdf)
<use class_partie_ae170a55b1096fbe4b941399cbf03a8ec_cgraph.pdf>
Package pdftex.def Info: class_partie_ae170a55b1096fbe4b941399cbf03a8ec_cgraph.
pdf  used on input line 171.
(pdftex.def)             Requested size: 342.0pt x 137.99931pt.
! Undefined control sequence.
<argument> ...rtpbox {\@nextchar }\insert@pcolumn 
                                                  \@endpbox \do@row@strut \o...
l.185 \begin{DoxyParams}{Paramètres}
                                     
The control sequence at the end of the top line
of your error message was never \def'ed. If you have
misspelled it (e.g., `\hobx'), type `I' and the correct
spelling (e.g., `I\hbox'). Otherwise just continue,
and I'll forget about whatever was undefined.

! Undefined control sequence.
<argument> ...rtpbox {\@nextchar }\insert@pcolumn 
                                                  \@endpbox \do@row@strut \o...
l.185 \begin{DoxyParams}{Paramètres}
                                     
The control sequence at the end of the top line
of your error message was never \def'ed. If you have
misspelled it (e.g., `\hobx'), type `I' and the correct
spelling (e.g., `I\hbox'). Otherwise just continue,
and I'll forget about whatever was undefined.

! Missing # inserted in alignment preamble.
<to be read again> 
                   &
l.188 \end{DoxyParams}
                      
There should be exactly one # between &'s, when an
\halign or \valign is being set up. In this case you had
none, so I've put one in; maybe that will work.

! Missing # inserted in alignment preamble.
<to be read again> 
                   \cr 
l.188 \end{DoxyParams}
                      
There should be exactly one # between &'s, when an
\halign or \valign is being set up. In this case you had
none, so I've put one in; maybe that will work.

! Missing # inserted in alignment preamble.
<to be read again> 
                   &
l.188 \end{DoxyParams}
                      
There should be exactly one # between &'s, when an
\halign or \valign is being set up. In this case you had
none, so I've put one in; maybe that will work.

! Missing # inserted in alignment preamble.
<to be read again> 
                   \cr 
l.188 \end{DoxyParams}
                      
There should be exactly one # between &'s, when an
\halign or \valign is being set up. In this case you had
none, so I've put one in; maybe that will work.

! Missing # inserted in alignment preamble.
<to be read again> 
                   &
l.188 \end{DoxyParams}
                      
There should be exactly one # between &'s, when an
\halign or \valign is being set up. In this case you had
none, so I've put one in; maybe that will work.

! Missing # inserted in alignment preamble.
<to be read again> 
                   \cr 
l.188 \end{DoxyParams}
                      
There should be exactly one # between &'s, when an
\halign or \valign is being set up. In this case you had
none, so I've put one in; maybe that will work.

! Missing # inserted in alignment preamble.
<to be read again> 
                   &
l.188 \end{DoxyParams}
                      
There should be exactly one # between &'s, when an
\halign or \valign is being set up. In this case you had
none, so I've put one in; maybe that will work.

! Missing # inserted in alignment preamble.
<to be read again> 
                   \cr 
l.188 \end{DoxyParams}
                      
There should be exactly one # between &'s, when an
\halign or \valign is being set up. In this case you had
none, so I've put one in; maybe that will work.

! Missing # inserted in alignment preamble.
<to be read again> 
                   &
l.188 \end{DoxyParams}
                      
There should be exactly one # between &'s, when an
\halign or \valign is being set up. In this case you had
none, so I've put one in; maybe that will work.

! Missing # inserted in alignment preamble.
<to be read again> 
                   \cr 
l.188 \end{DoxyParams}
                      
There should be exactly one # between &'s, when an
\halign or \valign is being set up. In this case you had
none, so I've put one in; maybe that will work.

! Missing # inserted in alignment preamble.
<to be read again> 
                   &
l.188 \end{DoxyParams}
                      
There should be exactly one # between &'s, when an
\halign or \valign is being set up. In this case you had
none, so I've put one in; maybe that will work.

! Missing # inserted in alignment preamble.
<to be read again> 
                   \cr 
l.188 \end{DoxyParams}
                      
There should be exactly one # between &'s, when an
\halign or \valign is being set up. In this case you had
none, so I've put one in; maybe that will work.

! Missing # inserted in alignment preamble.
<to be read again> 
                   &
l.188 \end{DoxyParams}
                      
There should be exactly one # between &'s, when an
\halign or \valign is being set up. In this case you had
none, so I've put one in; maybe that will work.

! Missing # inserted in alignment preamble.
<to be read again> 
                   \cr 
l.188 \end{DoxyParams}
                      
There should be exactly one # between &'s, when an
\halign or \valign is being set up. In this case you had
none, so I've put one in; maybe that will work.

! Missing # inserted in alignment preamble.
<to be read again> 
                   &
l.188 \end{DoxyParams}
                      
There should be exactly one # between &'s, when an
\halign or \valign is being set up. In this case you had
none, so I've put one in; maybe that will work.

! Missing # inserted in alignment preamble.
<to be read again> 
                   \cr 
l.188 \end{DoxyParams}
                      
There should be exactly one # between &'s, when an
\halign or \valign is being set up. In this case you had
none, so I've put one in; maybe that will work.

! Missing # inserted in alignment preamble.
<to be read again> 
                   &
l.188 \end{DoxyParams}
                      
There should be exactly one # between &'s, when an
\halign or \valign is being set up. In this case you had
none, so I've put one in; maybe that will work.

! Missing # inserted in alignment preamble.
<to be read again> 
                   \cr 
l.188 \end{DoxyParams}
                      
There should be exactly one # between &'s, when an
\halign or \valign is being set up. In this case you had
none, so I've put one in; maybe that will work.


Package longtable Warning: Column widths have changed
(longtable)                in table 5.26 on input line 188.


Underfull \hbox (badness 10000) detected at line 189
[][][]
 []

 <./class_partie_aaedb6c3f7693b298f6de33f4e1067b04_cgraph.pdf>
<class_partie_aaedb6c3f7693b298f6de33f4e1067b04_cgraph.pdf, id=915, 279.0425pt 
x 100.375pt>
File: class_partie_aaedb6c3f7693b298f6de33f4e1067b04_cgraph.pdf Graphic file (t
ype pdf)
<use class_partie_aaedb6c3f7693b298f6de33f4e1067b04_cgraph.pdf>
Package pdftex.def Info: class_partie_aaedb6c3f7693b298f6de33f4e1067b04_cgraph.
pdf  used on input line 197.
(pdftex.def)             Requested size: 278.0pt x 100.00255pt.
! Undefined control sequence.
<argument> ...rtpbox {\@nextchar }\insert@pcolumn 
                                                  \@endpbox \do@row@strut \o...
l.213 \begin{DoxyParams}{Paramètres}
                                     
The control sequence at the end of the top line
of your error message was never \def'ed. If you have
misspelled it (e.g., `\hobx'), type `I' and the correct
spelling (e.g., `I\hbox'). Otherwise just continue,
and I'll forget about whatever was undefined.

! Undefined control sequence.
<argument> ...rtpbox {\@nextchar }\insert@pcolumn 
                                                  \@endpbox \do@row@strut \o...
l.213 \begin{DoxyParams}{Paramètres}
                                     
The control sequence at the end of the top line
of your error message was never \def'ed. If you have
misspelled it (e.g., `\hobx'), type `I' and the correct
spelling (e.g., `I\hbox'). Otherwise just continue,
and I'll forget about whatever was undefined.

! Missing # inserted in alignment preamble.
<to be read again> 
                   &
l.216 \end{DoxyParams}
                      
There should be exactly one # between &'s, when an
\halign or \valign is being set up. In this case you had
none, so I've put one in; maybe that will work.

! Missing # inserted in alignment preamble.
<to be read again> 
                   \cr 
l.216 \end{DoxyParams}
                      
There should be exactly one # between &'s, when an
\halign or \valign is being set up. In this case you had
none, so I've put one in; maybe that will work.

! Missing # inserted in alignment preamble.
<to be read again> 
                   &
l.216 \end{DoxyParams}
                      
There should be exactly one # between &'s, when an
\halign or \valign is being set up. In this case you had
none, so I've put one in; maybe that will work.

! Missing # inserted in alignment preamble.
<to be read again> 
                   \cr 
l.216 \end{DoxyParams}
                      
There should be exactly one # between &'s, when an
\halign or \valign is being set up. In this case you had
none, so I've put one in; maybe that will work.

! Missing # inserted in alignment preamble.
<to be read again> 
                   &
l.216 \end{DoxyParams}
                      
There should be exactly one # between &'s, when an
\halign or \valign is being set up. In this case you had
none, so I've put one in; maybe that will work.

! Missing # inserted in alignment preamble.
<to be read again> 
                   \cr 
l.216 \end{DoxyParams}
                      
There should be exactly one # between &'s, when an
\halign or \valign is being set up. In this case you had
none, so I've put one in; maybe that will work.

! Missing # inserted in alignment preamble.
<to be read again> 
                   &
l.216 \end{DoxyParams}
                      
There should be exactly one # between &'s, when an
\halign or \valign is being set up. In this case you had
none, so I've put one in; maybe that will work.

! Missing # inserted in alignment preamble.
<to be read again> 
                   \cr 
l.216 \end{DoxyParams}
                      
There should be exactly one # between &'s, when an
\halign or \valign is being set up. In this case you had
none, so I've put one in; maybe that will work.

! Missing # inserted in alignment preamble.
<to be read again> 
                   &
l.216 \end{DoxyParams}
                      
There should be exactly one # between &'s, when an
\halign or \valign is being set up. In this case you had
none, so I've put one in; maybe that will work.

! Missing # inserted in alignment preamble.
<to be read again> 
                   \cr 
l.216 \end{DoxyParams}
                      
There should be exactly one # between &'s, when an
\halign or \valign is being set up. In this case you had
none, so I've put one in; maybe that will work.

! Missing # inserted in alignment preamble.
<to be read again> 
                   &
l.216 \end{DoxyParams}
                      
There should be exactly one # between &'s, when an
\halign or \valign is being set up. In this case you had
none, so I've put one in; maybe that will work.

! Missing # inserted in alignment preamble.
<to be read again> 
                   \cr 
l.216 \end{DoxyParams}
                      
There should be exactly one # between &'s, when an
\halign or \valign is being set up. In this case you had
none, so I've put one in; maybe that will work.

! Missing # inserted in alignment preamble.
<to be read again> 
                   &
l.216 \end{DoxyParams}
                      
There should be exactly one # between &'s, when an
\halign or \valign is being set up. In this case you had
none, so I've put one in; maybe that will work.

! Missing # inserted in alignment preamble.
<to be read again> 
                   \cr 
l.216 \end{DoxyParams}
                      
There should be exactly one # between &'s, when an
\halign or \valign is being set up. In this case you had
none, so I've put one in; maybe that will work.

! Missing # inserted in alignment preamble.
<to be read again> 
                   &
l.216 \end{DoxyParams}
                      
There should be exactly one # between &'s, when an
\halign or \valign is being set up. In this case you had
none, so I've put one in; maybe that will work.

! Missing # inserted in alignment preamble.
<to be read again> 
                   \cr 
l.216 \end{DoxyParams}
                      
There should be exactly one # between &'s, when an
\halign or \valign is being set up. In this case you had
none, so I've put one in; maybe that will work.

! Missing # inserted in alignment preamble.
<to be read again> 
                   &
l.216 \end{DoxyParams}
                      
There should be exactly one # between &'s, when an
\halign or \valign is being set up. In this case you had
none, so I've put one in; maybe that will work.

! Missing # inserted in alignment preamble.
<to be read again> 
                   \cr 
l.216 \end{DoxyParams}
                      
There should be exactly one # between &'s, when an
\halign or \valign is being set up. In this case you had
none, so I've put one in; maybe that will work.


Package longtable Warning: Column widths have changed
(longtable)                in table 5.27 on input line 216.


Underfull \hbox (badness 10000) detected at line 217
[][][]
 []

 <./class_partie_af1b834d9a94a141af6ca1b6197d6f89f_cgraph.pdf>
<class_partie_af1b834d9a94a141af6ca1b6197d6f89f_cgraph.pdf, id=924, 321.2pt x 1
76.66pt>
File: class_partie_af1b834d9a94a141af6ca1b6197d6f89f_cgraph.pdf Graphic file (t
ype pdf)
<use class_partie_af1b834d9a94a141af6ca1b6197d6f89f_cgraph.pdf>
Package pdftex.def Info: class_partie_af1b834d9a94a141af6ca1b6197d6f89f_cgraph.
pdf  used on input line 225.
(pdftex.def)             Requested size: 320.0pt x 176.00452pt.
[32]) (class_plateau3_d.tex [33]
! Undefined control sequence.
<argument> ...rtpbox {\@nextchar }\insert@pcolumn 
                                                  \@endpbox \do@row@strut \o...
l.92 \begin{DoxyParams}{Paramètres}
                                    
The control sequence at the end of the top line
of your error message was never \def'ed. If you have
misspelled it (e.g., `\hobx'), type `I' and the correct
spelling (e.g., `I\hbox'). Otherwise just continue,
and I'll forget about whatever was undefined.

! Undefined control sequence.
<argument> ...rtpbox {\@nextchar }\insert@pcolumn 
                                                  \@endpbox \do@row@strut \o...
l.92 \begin{DoxyParams}{Paramètres}
                                    
The control sequence at the end of the top line
of your error message was never \def'ed. If you have
misspelled it (e.g., `\hobx'), type `I' and the correct
spelling (e.g., `I\hbox'). Otherwise just continue,
and I'll forget about whatever was undefined.

! Missing # inserted in alignment preamble.
<to be read again> 
                   &
l.95 \end{DoxyParams}
                     
There should be exactly one # between &'s, when an
\halign or \valign is being set up. In this case you had
none, so I've put one in; maybe that will work.

! Missing # inserted in alignment preamble.
<to be read again> 
                   \cr 
l.95 \end{DoxyParams}
                     
There should be exactly one # between &'s, when an
\halign or \valign is being set up. In this case you had
none, so I've put one in; maybe that will work.

! Missing # inserted in alignment preamble.
<to be read again> 
                   &
l.95 \end{DoxyParams}
                     
There should be exactly one # between &'s, when an
\halign or \valign is being set up. In this case you had
none, so I've put one in; maybe that will work.

! Missing # inserted in alignment preamble.
<to be read again> 
                   \cr 
l.95 \end{DoxyParams}
                     
There should be exactly one # between &'s, when an
\halign or \valign is being set up. In this case you had
none, so I've put one in; maybe that will work.

! Missing # inserted in alignment preamble.
<to be read again> 
                   &
l.95 \end{DoxyParams}
                     
There should be exactly one # between &'s, when an
\halign or \valign is being set up. In this case you had
none, so I've put one in; maybe that will work.

! Missing # inserted in alignment preamble.
<to be read again> 
                   \cr 
l.95 \end{DoxyParams}
                     
There should be exactly one # between &'s, when an
\halign or \valign is being set up. In this case you had
none, so I've put one in; maybe that will work.

! Missing # inserted in alignment preamble.
<to be read again> 
                   &
l.95 \end{DoxyParams}
                     
There should be exactly one # between &'s, when an
\halign or \valign is being set up. In this case you had
none, so I've put one in; maybe that will work.

! Missing # inserted in alignment preamble.
<to be read again> 
                   \cr 
l.95 \end{DoxyParams}
                     
There should be exactly one # between &'s, when an
\halign or \valign is being set up. In this case you had
none, so I've put one in; maybe that will work.

! Missing # inserted in alignment preamble.
<to be read again> 
                   &
l.95 \end{DoxyParams}
                     
There should be exactly one # between &'s, when an
\halign or \valign is being set up. In this case you had
none, so I've put one in; maybe that will work.

! Missing # inserted in alignment preamble.
<to be read again> 
                   \cr 
l.95 \end{DoxyParams}
                     
There should be exactly one # between &'s, when an
\halign or \valign is being set up. In this case you had
none, so I've put one in; maybe that will work.

! Missing # inserted in alignment preamble.
<to be read again> 
                   &
l.95 \end{DoxyParams}
                     
There should be exactly one # between &'s, when an
\halign or \valign is being set up. In this case you had
none, so I've put one in; maybe that will work.

! Missing # inserted in alignment preamble.
<to be read again> 
                   \cr 
l.95 \end{DoxyParams}
                     
There should be exactly one # between &'s, when an
\halign or \valign is being set up. In this case you had
none, so I've put one in; maybe that will work.

! Missing # inserted in alignment preamble.
<to be read again> 
                   &
l.95 \end{DoxyParams}
                     
There should be exactly one # between &'s, when an
\halign or \valign is being set up. In this case you had
none, so I've put one in; maybe that will work.

! Missing # inserted in alignment preamble.
<to be read again> 
                   \cr 
l.95 \end{DoxyParams}
                     
There should be exactly one # between &'s, when an
\halign or \valign is being set up. In this case you had
none, so I've put one in; maybe that will work.

! Missing # inserted in alignment preamble.
<to be read again> 
                   &
l.95 \end{DoxyParams}
                     
There should be exactly one # between &'s, when an
\halign or \valign is being set up. In this case you had
none, so I've put one in; maybe that will work.

! Missing # inserted in alignment preamble.
<to be read again> 
                   \cr 
l.95 \end{DoxyParams}
                     
There should be exactly one # between &'s, when an
\halign or \valign is being set up. In this case you had
none, so I've put one in; maybe that will work.

! Missing # inserted in alignment preamble.
<to be read again> 
                   &
l.95 \end{DoxyParams}
                     
There should be exactly one # between &'s, when an
\halign or \valign is being set up. In this case you had
none, so I've put one in; maybe that will work.

! Missing # inserted in alignment preamble.
<to be read again> 
                   \cr 
l.95 \end{DoxyParams}
                     
There should be exactly one # between &'s, when an
\halign or \valign is being set up. In this case you had
none, so I've put one in; maybe that will work.


Package longtable Warning: Column widths have changed
(longtable)                in table 5.28 on input line 95.

 <./class_plateau3_d_a8029ac67b127f2e3a534bffb2c6cc787_cgraph.pdf>
<class_plateau3_d_a8029ac67b127f2e3a534bffb2c6cc787_cgraph.pdf, id=987, 344.286
25pt x 100.375pt>
File: class_plateau3_d_a8029ac67b127f2e3a534bffb2c6cc787_cgraph.pdf Graphic fil
e (type pdf)
<use class_plateau3_d_a8029ac67b127f2e3a534bffb2c6cc787_cgraph.pdf>
Package pdftex.def Info: class_plateau3_d_a8029ac67b127f2e3a534bffb2c6cc787_cgr
aph.pdf  used on input line 101.
(pdftex.def)             Requested size: 343.0pt x 100.00102pt.
 <./class_plateau3_d_adf8cdefefea63194309e788a0570a08c_cgraph.pdf>
<class_plateau3_d_adf8cdefefea63194309e788a0570a08c_cgraph.pdf, id=995, 318.188
75pt x 100.375pt>
File: class_plateau3_d_adf8cdefefea63194309e788a0570a08c_cgraph.pdf Graphic fil
e (type pdf)
<use class_plateau3_d_adf8cdefefea63194309e788a0570a08c_cgraph.pdf>
Package pdftex.def Info: class_plateau3_d_adf8cdefefea63194309e788a0570a08c_cgr
aph.pdf  used on input line 125.
(pdftex.def)             Requested size: 317.0pt x 99.9995pt.
[34]
! Undefined control sequence.
<argument> ...rtpbox {\@nextchar }\insert@pcolumn 
                                                  \@endpbox \do@row@strut \o...
l.139 \begin{DoxyParams}{Paramètres}
                                     
The control sequence at the end of the top line
of your error message was never \def'ed. If you have
misspelled it (e.g., `\hobx'), type `I' and the correct
spelling (e.g., `I\hbox'). Otherwise just continue,
and I'll forget about whatever was undefined.

! Undefined control sequence.
<argument> ...rtpbox {\@nextchar }\insert@pcolumn 
                                                  \@endpbox \do@row@strut \o...
l.139 \begin{DoxyParams}{Paramètres}
                                     
The control sequence at the end of the top line
of your error message was never \def'ed. If you have
misspelled it (e.g., `\hobx'), type `I' and the correct
spelling (e.g., `I\hbox'). Otherwise just continue,
and I'll forget about whatever was undefined.

! Missing # inserted in alignment preamble.
<to be read again> 
                   &
l.146 \end{DoxyParams}
                      
There should be exactly one # between &'s, when an
\halign or \valign is being set up. In this case you had
none, so I've put one in; maybe that will work.

! Missing # inserted in alignment preamble.
<to be read again> 
                   \cr 
l.146 \end{DoxyParams}
                      
There should be exactly one # between &'s, when an
\halign or \valign is being set up. In this case you had
none, so I've put one in; maybe that will work.

! Missing # inserted in alignment preamble.
<to be read again> 
                   &
l.146 \end{DoxyParams}
                      
There should be exactly one # between &'s, when an
\halign or \valign is being set up. In this case you had
none, so I've put one in; maybe that will work.

! Missing # inserted in alignment preamble.
<to be read again> 
                   \cr 
l.146 \end{DoxyParams}
                      
There should be exactly one # between &'s, when an
\halign or \valign is being set up. In this case you had
none, so I've put one in; maybe that will work.

! Missing # inserted in alignment preamble.
<to be read again> 
                   &
l.146 \end{DoxyParams}
                      
There should be exactly one # between &'s, when an
\halign or \valign is being set up. In this case you had
none, so I've put one in; maybe that will work.

! Missing # inserted in alignment preamble.
<to be read again> 
                   \cr 
l.146 \end{DoxyParams}
                      
There should be exactly one # between &'s, when an
\halign or \valign is being set up. In this case you had
none, so I've put one in; maybe that will work.

! Missing # inserted in alignment preamble.
<to be read again> 
                   &
l.146 \end{DoxyParams}
                      
There should be exactly one # between &'s, when an
\halign or \valign is being set up. In this case you had
none, so I've put one in; maybe that will work.

! Missing # inserted in alignment preamble.
<to be read again> 
                   \cr 
l.146 \end{DoxyParams}
                      
There should be exactly one # between &'s, when an
\halign or \valign is being set up. In this case you had
none, so I've put one in; maybe that will work.

! Missing # inserted in alignment preamble.
<to be read again> 
                   &
l.146 \end{DoxyParams}
                      
There should be exactly one # between &'s, when an
\halign or \valign is being set up. In this case you had
none, so I've put one in; maybe that will work.

! Missing # inserted in alignment preamble.
<to be read again> 
                   \cr 
l.146 \end{DoxyParams}
                      
There should be exactly one # between &'s, when an
\halign or \valign is being set up. In this case you had
none, so I've put one in; maybe that will work.

! Missing # inserted in alignment preamble.
<to be read again> 
                   &
l.146 \end{DoxyParams}
                      
There should be exactly one # between &'s, when an
\halign or \valign is being set up. In this case you had
none, so I've put one in; maybe that will work.

! Missing # inserted in alignment preamble.
<to be read again> 
                   \cr 
l.146 \end{DoxyParams}
                      
There should be exactly one # between &'s, when an
\halign or \valign is being set up. In this case you had
none, so I've put one in; maybe that will work.

! Missing # inserted in alignment preamble.
<to be read again> 
                   &
l.146 \end{DoxyParams}
                      
There should be exactly one # between &'s, when an
\halign or \valign is being set up. In this case you had
none, so I've put one in; maybe that will work.

! Missing # inserted in alignment preamble.
<to be read again> 
                   \cr 
l.146 \end{DoxyParams}
                      
There should be exactly one # between &'s, when an
\halign or \valign is being set up. In this case you had
none, so I've put one in; maybe that will work.

! Missing # inserted in alignment preamble.
<to be read again> 
                   &
l.146 \end{DoxyParams}
                      
There should be exactly one # between &'s, when an
\halign or \valign is being set up. In this case you had
none, so I've put one in; maybe that will work.

! Missing # inserted in alignment preamble.
<to be read again> 
                   \cr 
l.146 \end{DoxyParams}
                      
There should be exactly one # between &'s, when an
\halign or \valign is being set up. In this case you had
none, so I've put one in; maybe that will work.

! Missing # inserted in alignment preamble.
<to be read again> 
                   &
l.146 \end{DoxyParams}
                      
There should be exactly one # between &'s, when an
\halign or \valign is being set up. In this case you had
none, so I've put one in; maybe that will work.

! Missing # inserted in alignment preamble.
<to be read again> 
                   \cr 
l.146 \end{DoxyParams}
                      
There should be exactly one # between &'s, when an
\halign or \valign is being set up. In this case you had
none, so I've put one in; maybe that will work.


Package longtable Warning: Column widths have changed
(longtable)                in table 5.29 on input line 146.


Underfull \hbox (badness 10000) detected at line 147
[][][]
 []

 <./class_plateau3_d_a0f44dd28d8192635148534ea06d3d1c6_cgraph.pdf>
<class_plateau3_d_a0f44dd28d8192635148534ea06d3d1c6_cgraph.pdf, id=1018, 485.81
5pt x 250.9375pt>
File: class_plateau3_d_a0f44dd28d8192635148534ea06d3d1c6_cgraph.pdf Graphic fil
e (type pdf)
<use class_plateau3_d_a0f44dd28d8192635148534ea06d3d1c6_cgraph.pdf>
Package pdftex.def Info: class_plateau3_d_a0f44dd28d8192635148534ea06d3d1c6_cgr
aph.pdf  used on input line 155.
(pdftex.def)             Requested size: 350.0pt x 180.78206pt.
! Undefined control sequence.
<argument> ...rtpbox {\@nextchar }\insert@pcolumn 
                                                  \@endpbox \do@row@strut \o...
l.169 \begin{DoxyParams}{Paramètres}
                                     
The control sequence at the end of the top line
of your error message was never \def'ed. If you have
misspelled it (e.g., `\hobx'), type `I' and the correct
spelling (e.g., `I\hbox'). Otherwise just continue,
and I'll forget about whatever was undefined.

! Undefined control sequence.
<argument> ...rtpbox {\@nextchar }\insert@pcolumn 
                                                  \@endpbox \do@row@strut \o...
l.169 \begin{DoxyParams}{Paramètres}
                                     
The control sequence at the end of the top line
of your error message was never \def'ed. If you have
misspelled it (e.g., `\hobx'), type `I' and the correct
spelling (e.g., `I\hbox'). Otherwise just continue,
and I'll forget about whatever was undefined.

! Missing # inserted in alignment preamble.
<to be read again> 
                   &
l.174 \end{DoxyParams}
                      
There should be exactly one # between &'s, when an
\halign or \valign is being set up. In this case you had
none, so I've put one in; maybe that will work.

! Missing # inserted in alignment preamble.
<to be read again> 
                   \cr 
l.174 \end{DoxyParams}
                      
There should be exactly one # between &'s, when an
\halign or \valign is being set up. In this case you had
none, so I've put one in; maybe that will work.

! Missing # inserted in alignment preamble.
<to be read again> 
                   &
l.174 \end{DoxyParams}
                      
There should be exactly one # between &'s, when an
\halign or \valign is being set up. In this case you had
none, so I've put one in; maybe that will work.

! Missing # inserted in alignment preamble.
<to be read again> 
                   \cr 
l.174 \end{DoxyParams}
                      
There should be exactly one # between &'s, when an
\halign or \valign is being set up. In this case you had
none, so I've put one in; maybe that will work.

! Missing # inserted in alignment preamble.
<to be read again> 
                   &
l.174 \end{DoxyParams}
                      
There should be exactly one # between &'s, when an
\halign or \valign is being set up. In this case you had
none, so I've put one in; maybe that will work.

! Missing # inserted in alignment preamble.
<to be read again> 
                   \cr 
l.174 \end{DoxyParams}
                      
There should be exactly one # between &'s, when an
\halign or \valign is being set up. In this case you had
none, so I've put one in; maybe that will work.

! Missing # inserted in alignment preamble.
<to be read again> 
                   &
l.174 \end{DoxyParams}
                      
There should be exactly one # between &'s, when an
\halign or \valign is being set up. In this case you had
none, so I've put one in; maybe that will work.

! Missing # inserted in alignment preamble.
<to be read again> 
                   \cr 
l.174 \end{DoxyParams}
                      
There should be exactly one # between &'s, when an
\halign or \valign is being set up. In this case you had
none, so I've put one in; maybe that will work.

! Missing # inserted in alignment preamble.
<to be read again> 
                   &
l.174 \end{DoxyParams}
                      
There should be exactly one # between &'s, when an
\halign or \valign is being set up. In this case you had
none, so I've put one in; maybe that will work.

! Missing # inserted in alignment preamble.
<to be read again> 
                   \cr 
l.174 \end{DoxyParams}
                      
There should be exactly one # between &'s, when an
\halign or \valign is being set up. In this case you had
none, so I've put one in; maybe that will work.

! Missing # inserted in alignment preamble.
<to be read again> 
                   &
l.174 \end{DoxyParams}
                      
There should be exactly one # between &'s, when an
\halign or \valign is being set up. In this case you had
none, so I've put one in; maybe that will work.

! Missing # inserted in alignment preamble.
<to be read again> 
                   \cr 
l.174 \end{DoxyParams}
                      
There should be exactly one # between &'s, when an
\halign or \valign is being set up. In this case you had
none, so I've put one in; maybe that will work.

! Missing # inserted in alignment preamble.
<to be read again> 
                   &
l.174 \end{DoxyParams}
                      
There should be exactly one # between &'s, when an
\halign or \valign is being set up. In this case you had
none, so I've put one in; maybe that will work.

! Missing # inserted in alignment preamble.
<to be read again> 
                   \cr 
l.174 \end{DoxyParams}
                      
There should be exactly one # between &'s, when an
\halign or \valign is being set up. In this case you had
none, so I've put one in; maybe that will work.

! Missing # inserted in alignment preamble.
<to be read again> 
                   &
l.174 \end{DoxyParams}
                      
There should be exactly one # between &'s, when an
\halign or \valign is being set up. In this case you had
none, so I've put one in; maybe that will work.

! Missing # inserted in alignment preamble.
<to be read again> 
                   \cr 
l.174 \end{DoxyParams}
                      
There should be exactly one # between &'s, when an
\halign or \valign is being set up. In this case you had
none, so I've put one in; maybe that will work.

! Missing # inserted in alignment preamble.
<to be read again> 
                   &
l.174 \end{DoxyParams}
                      
There should be exactly one # between &'s, when an
\halign or \valign is being set up. In this case you had
none, so I've put one in; maybe that will work.

! Missing # inserted in alignment preamble.
<to be read again> 
                   \cr 
l.174 \end{DoxyParams}
                      
There should be exactly one # between &'s, when an
\halign or \valign is being set up. In this case you had
none, so I've put one in; maybe that will work.

[35]

Package longtable Warning: Column widths have changed
(longtable)                in table 5.30 on input line 174.


Underfull \hbox (badness 10000) detected at line 175
[][][]
 []

 <./class_plateau3_d_aaa4aaa2b4fc4ba5342545c50582727f5_cgraph.pdf>
<class_plateau3_d_aaa4aaa2b4fc4ba5342545c50582727f5_cgraph.pdf, id=1038, 329.23
pt x 112.42pt>
File: class_plateau3_d_aaa4aaa2b4fc4ba5342545c50582727f5_cgraph.pdf Graphic fil
e (type pdf)
<use class_plateau3_d_aaa4aaa2b4fc4ba5342545c50582727f5_cgraph.pdf>
Package pdftex.def Info: class_plateau3_d_aaa4aaa2b4fc4ba5342545c50582727f5_cgr
aph.pdf  used on input line 183.
(pdftex.def)             Requested size: 328.0pt x 112.00288pt.

Underfull \hbox (badness 10000) detected at line 198
[][][]
 []


Underfull \hbox (badness 10000) detected at line 208
[][][]
 []


Underfull \hbox (badness 10000) detected at line 217
[][][]
 []


Underfull \hbox (badness 10000) detected at line 232
[][][]
 []

! Undefined control sequence.
<argument> ...rtpbox {\@nextchar }\insert@pcolumn 
                                                  \@endpbox \do@row@strut \o...
l.247 \begin{DoxyParams}{Paramètres}
                                     
The control sequence at the end of the top line
of your error message was never \def'ed. If you have
misspelled it (e.g., `\hobx'), type `I' and the correct
spelling (e.g., `I\hbox'). Otherwise just continue,
and I'll forget about whatever was undefined.

! Undefined control sequence.
<argument> ...rtpbox {\@nextchar }\insert@pcolumn 
                                                  \@endpbox \do@row@strut \o...
l.247 \begin{DoxyParams}{Paramètres}
                                     
The control sequence at the end of the top line
of your error message was never \def'ed. If you have
misspelled it (e.g., `\hobx'), type `I' and the correct
spelling (e.g., `I\hbox'). Otherwise just continue,
and I'll forget about whatever was undefined.

! Missing # inserted in alignment preamble.
<to be read again> 
                   &
l.250 \end{DoxyParams}
                      
There should be exactly one # between &'s, when an
\halign or \valign is being set up. In this case you had
none, so I've put one in; maybe that will work.

! Missing # inserted in alignment preamble.
<to be read again> 
                   \cr 
l.250 \end{DoxyParams}
                      
There should be exactly one # between &'s, when an
\halign or \valign is being set up. In this case you had
none, so I've put one in; maybe that will work.

! Missing # inserted in alignment preamble.
<to be read again> 
                   &
l.250 \end{DoxyParams}
                      
There should be exactly one # between &'s, when an
\halign or \valign is being set up. In this case you had
none, so I've put one in; maybe that will work.

! Missing # inserted in alignment preamble.
<to be read again> 
                   \cr 
l.250 \end{DoxyParams}
                      
There should be exactly one # between &'s, when an
\halign or \valign is being set up. In this case you had
none, so I've put one in; maybe that will work.

! Missing # inserted in alignment preamble.
<to be read again> 
                   &
l.250 \end{DoxyParams}
                      
There should be exactly one # between &'s, when an
\halign or \valign is being set up. In this case you had
none, so I've put one in; maybe that will work.

! Missing # inserted in alignment preamble.
<to be read again> 
                   \cr 
l.250 \end{DoxyParams}
                      
There should be exactly one # between &'s, when an
\halign or \valign is being set up. In this case you had
none, so I've put one in; maybe that will work.

! Missing # inserted in alignment preamble.
<to be read again> 
                   &
l.250 \end{DoxyParams}
                      
There should be exactly one # between &'s, when an
\halign or \valign is being set up. In this case you had
none, so I've put one in; maybe that will work.

! Missing # inserted in alignment preamble.
<to be read again> 
                   \cr 
l.250 \end{DoxyParams}
                      
There should be exactly one # between &'s, when an
\halign or \valign is being set up. In this case you had
none, so I've put one in; maybe that will work.

! Missing # inserted in alignment preamble.
<to be read again> 
                   &
l.250 \end{DoxyParams}
                      
There should be exactly one # between &'s, when an
\halign or \valign is being set up. In this case you had
none, so I've put one in; maybe that will work.

! Missing # inserted in alignment preamble.
<to be read again> 
                   \cr 
l.250 \end{DoxyParams}
                      
There should be exactly one # between &'s, when an
\halign or \valign is being set up. In this case you had
none, so I've put one in; maybe that will work.

! Missing # inserted in alignment preamble.
<to be read again> 
                   &
l.250 \end{DoxyParams}
                      
There should be exactly one # between &'s, when an
\halign or \valign is being set up. In this case you had
none, so I've put one in; maybe that will work.

! Missing # inserted in alignment preamble.
<to be read again> 
                   \cr 
l.250 \end{DoxyParams}
                      
There should be exactly one # between &'s, when an
\halign or \valign is being set up. In this case you had
none, so I've put one in; maybe that will work.

! Missing # inserted in alignment preamble.
<to be read again> 
                   &
l.250 \end{DoxyParams}
                      
There should be exactly one # between &'s, when an
\halign or \valign is being set up. In this case you had
none, so I've put one in; maybe that will work.

! Missing # inserted in alignment preamble.
<to be read again> 
                   \cr 
l.250 \end{DoxyParams}
                      
There should be exactly one # between &'s, when an
\halign or \valign is being set up. In this case you had
none, so I've put one in; maybe that will work.

! Missing # inserted in alignment preamble.
<to be read again> 
                   &
l.250 \end{DoxyParams}
                      
There should be exactly one # between &'s, when an
\halign or \valign is being set up. In this case you had
none, so I've put one in; maybe that will work.

! Missing # inserted in alignment preamble.
<to be read again> 
                   \cr 
l.250 \end{DoxyParams}
                      
There should be exactly one # between &'s, when an
\halign or \valign is being set up. In this case you had
none, so I've put one in; maybe that will work.

! Missing # inserted in alignment preamble.
<to be read again> 
                   &
l.250 \end{DoxyParams}
                      
There should be exactly one # between &'s, when an
\halign or \valign is being set up. In this case you had
none, so I've put one in; maybe that will work.

! Missing # inserted in alignment preamble.
<to be read again> 
                   \cr 
l.250 \end{DoxyParams}
                      
There should be exactly one # between &'s, when an
\halign or \valign is being set up. In this case you had
none, so I've put one in; maybe that will work.

[36] [37]

Package longtable Warning: Column widths have changed
(longtable)                in table 5.31 on input line 250.


Underfull \hbox (badness 10000) detected at line 251
[][][]
 []


Underfull \hbox (badness 10000) detected at line 260
[][][]
 []


Underfull \hbox (badness 10000) detected at line 275
[][][]
 []

! Undefined control sequence.
<argument> ...rtpbox {\@nextchar }\insert@pcolumn 
                                                  \@endpbox \do@row@strut \o...
l.290 \begin{DoxyParams}{Paramètres}
                                     
The control sequence at the end of the top line
of your error message was never \def'ed. If you have
misspelled it (e.g., `\hobx'), type `I' and the correct
spelling (e.g., `I\hbox'). Otherwise just continue,
and I'll forget about whatever was undefined.

! Undefined control sequence.
<argument> ...rtpbox {\@nextchar }\insert@pcolumn 
                                                  \@endpbox \do@row@strut \o...
l.290 \begin{DoxyParams}{Paramètres}
                                     
The control sequence at the end of the top line
of your error message was never \def'ed. If you have
misspelled it (e.g., `\hobx'), type `I' and the correct
spelling (e.g., `I\hbox'). Otherwise just continue,
and I'll forget about whatever was undefined.

! Missing # inserted in alignment preamble.
<to be read again> 
                   &
l.293 \end{DoxyParams}
                      
There should be exactly one # between &'s, when an
\halign or \valign is being set up. In this case you had
none, so I've put one in; maybe that will work.

! Missing # inserted in alignment preamble.
<to be read again> 
                   \cr 
l.293 \end{DoxyParams}
                      
There should be exactly one # between &'s, when an
\halign or \valign is being set up. In this case you had
none, so I've put one in; maybe that will work.

! Missing # inserted in alignment preamble.
<to be read again> 
                   &
l.293 \end{DoxyParams}
                      
There should be exactly one # between &'s, when an
\halign or \valign is being set up. In this case you had
none, so I've put one in; maybe that will work.

! Missing # inserted in alignment preamble.
<to be read again> 
                   \cr 
l.293 \end{DoxyParams}
                      
There should be exactly one # between &'s, when an
\halign or \valign is being set up. In this case you had
none, so I've put one in; maybe that will work.

! Missing # inserted in alignment preamble.
<to be read again> 
                   &
l.293 \end{DoxyParams}
                      
There should be exactly one # between &'s, when an
\halign or \valign is being set up. In this case you had
none, so I've put one in; maybe that will work.

! Missing # inserted in alignment preamble.
<to be read again> 
                   \cr 
l.293 \end{DoxyParams}
                      
There should be exactly one # between &'s, when an
\halign or \valign is being set up. In this case you had
none, so I've put one in; maybe that will work.

! Missing # inserted in alignment preamble.
<to be read again> 
                   &
l.293 \end{DoxyParams}
                      
There should be exactly one # between &'s, when an
\halign or \valign is being set up. In this case you had
none, so I've put one in; maybe that will work.

! Missing # inserted in alignment preamble.
<to be read again> 
                   \cr 
l.293 \end{DoxyParams}
                      
There should be exactly one # between &'s, when an
\halign or \valign is being set up. In this case you had
none, so I've put one in; maybe that will work.

! Missing # inserted in alignment preamble.
<to be read again> 
                   &
l.293 \end{DoxyParams}
                      
There should be exactly one # between &'s, when an
\halign or \valign is being set up. In this case you had
none, so I've put one in; maybe that will work.

! Missing # inserted in alignment preamble.
<to be read again> 
                   \cr 
l.293 \end{DoxyParams}
                      
There should be exactly one # between &'s, when an
\halign or \valign is being set up. In this case you had
none, so I've put one in; maybe that will work.

! Missing # inserted in alignment preamble.
<to be read again> 
                   &
l.293 \end{DoxyParams}
                      
There should be exactly one # between &'s, when an
\halign or \valign is being set up. In this case you had
none, so I've put one in; maybe that will work.

! Missing # inserted in alignment preamble.
<to be read again> 
                   \cr 
l.293 \end{DoxyParams}
                      
There should be exactly one # between &'s, when an
\halign or \valign is being set up. In this case you had
none, so I've put one in; maybe that will work.

! Missing # inserted in alignment preamble.
<to be read again> 
                   &
l.293 \end{DoxyParams}
                      
There should be exactly one # between &'s, when an
\halign or \valign is being set up. In this case you had
none, so I've put one in; maybe that will work.

! Missing # inserted in alignment preamble.
<to be read again> 
                   \cr 
l.293 \end{DoxyParams}
                      
There should be exactly one # between &'s, when an
\halign or \valign is being set up. In this case you had
none, so I've put one in; maybe that will work.

! Missing # inserted in alignment preamble.
<to be read again> 
                   &
l.293 \end{DoxyParams}
                      
There should be exactly one # between &'s, when an
\halign or \valign is being set up. In this case you had
none, so I've put one in; maybe that will work.

! Missing # inserted in alignment preamble.
<to be read again> 
                   \cr 
l.293 \end{DoxyParams}
                      
There should be exactly one # between &'s, when an
\halign or \valign is being set up. In this case you had
none, so I've put one in; maybe that will work.

! Missing # inserted in alignment preamble.
<to be read again> 
                   &
l.293 \end{DoxyParams}
                      
There should be exactly one # between &'s, when an
\halign or \valign is being set up. In this case you had
none, so I've put one in; maybe that will work.

! Missing # inserted in alignment preamble.
<to be read again> 
                   \cr 
l.293 \end{DoxyParams}
                      
There should be exactly one # between &'s, when an
\halign or \valign is being set up. In this case you had
none, so I've put one in; maybe that will work.


Package longtable Warning: Column widths have changed
(longtable)                in table 5.32 on input line 293.


Underfull \hbox (badness 10000) detected at line 294
[][][]
 []

 <./class_plateau3_d_a28de7c02744ee5a866b3faf96b51c5d1_cgraph.pdf>
<class_plateau3_d_a28de7c02744ee5a866b3faf96b51c5d1_cgraph.pdf, id=1064, 340.27
126pt x 100.375pt>
File: class_plateau3_d_a28de7c02744ee5a866b3faf96b51c5d1_cgraph.pdf Graphic fil
e (type pdf)
<use class_plateau3_d_a28de7c02744ee5a866b3faf96b51c5d1_cgraph.pdf>
Package pdftex.def Info: class_plateau3_d_a28de7c02744ee5a866b3faf96b51c5d1_cgr
aph.pdf  used on input line 302.
(pdftex.def)             Requested size: 339.0pt x 100.00562pt.
! Undefined control sequence.
<argument> ...rtpbox {\@nextchar }\insert@pcolumn 
                                                  \@endpbox \do@row@strut \o...
l.316 \begin{DoxyParams}{Paramètres}
                                     
The control sequence at the end of the top line
of your error message was never \def'ed. If you have
misspelled it (e.g., `\hobx'), type `I' and the correct
spelling (e.g., `I\hbox'). Otherwise just continue,
and I'll forget about whatever was undefined.

! Undefined control sequence.
<argument> ...rtpbox {\@nextchar }\insert@pcolumn 
                                                  \@endpbox \do@row@strut \o...
l.316 \begin{DoxyParams}{Paramètres}
                                     
The control sequence at the end of the top line
of your error message was never \def'ed. If you have
misspelled it (e.g., `\hobx'), type `I' and the correct
spelling (e.g., `I\hbox'). Otherwise just continue,
and I'll forget about whatever was undefined.

! Missing # inserted in alignment preamble.
<to be read again> 
                   &
l.321 \end{DoxyParams}
                      
There should be exactly one # between &'s, when an
\halign or \valign is being set up. In this case you had
none, so I've put one in; maybe that will work.

! Missing # inserted in alignment preamble.
<to be read again> 
                   \cr 
l.321 \end{DoxyParams}
                      
There should be exactly one # between &'s, when an
\halign or \valign is being set up. In this case you had
none, so I've put one in; maybe that will work.

! Missing # inserted in alignment preamble.
<to be read again> 
                   &
l.321 \end{DoxyParams}
                      
There should be exactly one # between &'s, when an
\halign or \valign is being set up. In this case you had
none, so I've put one in; maybe that will work.

! Missing # inserted in alignment preamble.
<to be read again> 
                   \cr 
l.321 \end{DoxyParams}
                      
There should be exactly one # between &'s, when an
\halign or \valign is being set up. In this case you had
none, so I've put one in; maybe that will work.

! Missing # inserted in alignment preamble.
<to be read again> 
                   &
l.321 \end{DoxyParams}
                      
There should be exactly one # between &'s, when an
\halign or \valign is being set up. In this case you had
none, so I've put one in; maybe that will work.

! Missing # inserted in alignment preamble.
<to be read again> 
                   \cr 
l.321 \end{DoxyParams}
                      
There should be exactly one # between &'s, when an
\halign or \valign is being set up. In this case you had
none, so I've put one in; maybe that will work.

! Missing # inserted in alignment preamble.
<to be read again> 
                   &
l.321 \end{DoxyParams}
                      
There should be exactly one # between &'s, when an
\halign or \valign is being set up. In this case you had
none, so I've put one in; maybe that will work.

! Missing # inserted in alignment preamble.
<to be read again> 
                   \cr 
l.321 \end{DoxyParams}
                      
There should be exactly one # between &'s, when an
\halign or \valign is being set up. In this case you had
none, so I've put one in; maybe that will work.

! Missing # inserted in alignment preamble.
<to be read again> 
                   &
l.321 \end{DoxyParams}
                      
There should be exactly one # between &'s, when an
\halign or \valign is being set up. In this case you had
none, so I've put one in; maybe that will work.

! Missing # inserted in alignment preamble.
<to be read again> 
                   \cr 
l.321 \end{DoxyParams}
                      
There should be exactly one # between &'s, when an
\halign or \valign is being set up. In this case you had
none, so I've put one in; maybe that will work.

! Missing # inserted in alignment preamble.
<to be read again> 
                   &
l.321 \end{DoxyParams}
                      
There should be exactly one # between &'s, when an
\halign or \valign is being set up. In this case you had
none, so I've put one in; maybe that will work.

! Missing # inserted in alignment preamble.
<to be read again> 
                   \cr 
l.321 \end{DoxyParams}
                      
There should be exactly one # between &'s, when an
\halign or \valign is being set up. In this case you had
none, so I've put one in; maybe that will work.

! Missing # inserted in alignment preamble.
<to be read again> 
                   &
l.321 \end{DoxyParams}
                      
There should be exactly one # between &'s, when an
\halign or \valign is being set up. In this case you had
none, so I've put one in; maybe that will work.

! Missing # inserted in alignment preamble.
<to be read again> 
                   \cr 
l.321 \end{DoxyParams}
                      
There should be exactly one # between &'s, when an
\halign or \valign is being set up. In this case you had
none, so I've put one in; maybe that will work.

! Missing # inserted in alignment preamble.
<to be read again> 
                   &
l.321 \end{DoxyParams}
                      
There should be exactly one # between &'s, when an
\halign or \valign is being set up. In this case you had
none, so I've put one in; maybe that will work.

! Missing # inserted in alignment preamble.
<to be read again> 
                   \cr 
l.321 \end{DoxyParams}
                      
There should be exactly one # between &'s, when an
\halign or \valign is being set up. In this case you had
none, so I've put one in; maybe that will work.

! Missing # inserted in alignment preamble.
<to be read again> 
                   &
l.321 \end{DoxyParams}
                      
There should be exactly one # between &'s, when an
\halign or \valign is being set up. In this case you had
none, so I've put one in; maybe that will work.

! Missing # inserted in alignment preamble.
<to be read again> 
                   \cr 
l.321 \end{DoxyParams}
                      
There should be exactly one # between &'s, when an
\halign or \valign is being set up. In this case you had
none, so I've put one in; maybe that will work.

[38]

Package longtable Warning: Column widths have changed
(longtable)                in table 5.33 on input line 321.


Underfull \hbox (badness 10000) detected at line 322
[][][]
 []

 <./class_plateau3_d_a14e5c4fc0b4dbb27967bcfaea9b05036_cgraph.pdf>
<class_plateau3_d_a14e5c4fc0b4dbb27967bcfaea9b05036_cgraph.pdf, id=1084, 337.26
pt x 100.375pt>
File: class_plateau3_d_a14e5c4fc0b4dbb27967bcfaea9b05036_cgraph.pdf Graphic fil
e (type pdf)
<use class_plateau3_d_a14e5c4fc0b4dbb27967bcfaea9b05036_cgraph.pdf>
Package pdftex.def Info: class_plateau3_d_a14e5c4fc0b4dbb27967bcfaea9b05036_cgr
aph.pdf  used on input line 330.
(pdftex.def)             Requested size: 336.0pt x 100.00255pt.
! Undefined control sequence.
<argument> ...rtpbox {\@nextchar }\insert@pcolumn 
                                                  \@endpbox \do@row@strut \o...
l.344 \begin{DoxyParams}{Paramètres}
                                     
The control sequence at the end of the top line
of your error message was never \def'ed. If you have
misspelled it (e.g., `\hobx'), type `I' and the correct
spelling (e.g., `I\hbox'). Otherwise just continue,
and I'll forget about whatever was undefined.

! Undefined control sequence.
<argument> ...rtpbox {\@nextchar }\insert@pcolumn 
                                                  \@endpbox \do@row@strut \o...
l.344 \begin{DoxyParams}{Paramètres}
                                     
The control sequence at the end of the top line
of your error message was never \def'ed. If you have
misspelled it (e.g., `\hobx'), type `I' and the correct
spelling (e.g., `I\hbox'). Otherwise just continue,
and I'll forget about whatever was undefined.

! Missing # inserted in alignment preamble.
<to be read again> 
                   &
l.353 \end{DoxyParams}
                      
There should be exactly one # between &'s, when an
\halign or \valign is being set up. In this case you had
none, so I've put one in; maybe that will work.

! Missing # inserted in alignment preamble.
<to be read again> 
                   \cr 
l.353 \end{DoxyParams}
                      
There should be exactly one # between &'s, when an
\halign or \valign is being set up. In this case you had
none, so I've put one in; maybe that will work.

! Missing # inserted in alignment preamble.
<to be read again> 
                   &
l.353 \end{DoxyParams}
                      
There should be exactly one # between &'s, when an
\halign or \valign is being set up. In this case you had
none, so I've put one in; maybe that will work.

! Missing # inserted in alignment preamble.
<to be read again> 
                   \cr 
l.353 \end{DoxyParams}
                      
There should be exactly one # between &'s, when an
\halign or \valign is being set up. In this case you had
none, so I've put one in; maybe that will work.

! Missing # inserted in alignment preamble.
<to be read again> 
                   &
l.353 \end{DoxyParams}
                      
There should be exactly one # between &'s, when an
\halign or \valign is being set up. In this case you had
none, so I've put one in; maybe that will work.

! Missing # inserted in alignment preamble.
<to be read again> 
                   \cr 
l.353 \end{DoxyParams}
                      
There should be exactly one # between &'s, when an
\halign or \valign is being set up. In this case you had
none, so I've put one in; maybe that will work.

! Missing # inserted in alignment preamble.
<to be read again> 
                   &
l.353 \end{DoxyParams}
                      
There should be exactly one # between &'s, when an
\halign or \valign is being set up. In this case you had
none, so I've put one in; maybe that will work.

! Missing # inserted in alignment preamble.
<to be read again> 
                   \cr 
l.353 \end{DoxyParams}
                      
There should be exactly one # between &'s, when an
\halign or \valign is being set up. In this case you had
none, so I've put one in; maybe that will work.

! Missing # inserted in alignment preamble.
<to be read again> 
                   &
l.353 \end{DoxyParams}
                      
There should be exactly one # between &'s, when an
\halign or \valign is being set up. In this case you had
none, so I've put one in; maybe that will work.

! Missing # inserted in alignment preamble.
<to be read again> 
                   \cr 
l.353 \end{DoxyParams}
                      
There should be exactly one # between &'s, when an
\halign or \valign is being set up. In this case you had
none, so I've put one in; maybe that will work.

! Missing # inserted in alignment preamble.
<to be read again> 
                   &
l.353 \end{DoxyParams}
                      
There should be exactly one # between &'s, when an
\halign or \valign is being set up. In this case you had
none, so I've put one in; maybe that will work.

! Missing # inserted in alignment preamble.
<to be read again> 
                   \cr 
l.353 \end{DoxyParams}
                      
There should be exactly one # between &'s, when an
\halign or \valign is being set up. In this case you had
none, so I've put one in; maybe that will work.

! Missing # inserted in alignment preamble.
<to be read again> 
                   &
l.353 \end{DoxyParams}
                      
There should be exactly one # between &'s, when an
\halign or \valign is being set up. In this case you had
none, so I've put one in; maybe that will work.

! Missing # inserted in alignment preamble.
<to be read again> 
                   \cr 
l.353 \end{DoxyParams}
                      
There should be exactly one # between &'s, when an
\halign or \valign is being set up. In this case you had
none, so I've put one in; maybe that will work.

! Missing # inserted in alignment preamble.
<to be read again> 
                   &
l.353 \end{DoxyParams}
                      
There should be exactly one # between &'s, when an
\halign or \valign is being set up. In this case you had
none, so I've put one in; maybe that will work.

! Missing # inserted in alignment preamble.
<to be read again> 
                   \cr 
l.353 \end{DoxyParams}
                      
There should be exactly one # between &'s, when an
\halign or \valign is being set up. In this case you had
none, so I've put one in; maybe that will work.

! Missing # inserted in alignment preamble.
<to be read again> 
                   &
l.353 \end{DoxyParams}
                      
There should be exactly one # between &'s, when an
\halign or \valign is being set up. In this case you had
none, so I've put one in; maybe that will work.

! Missing # inserted in alignment preamble.
<to be read again> 
                   \cr 
l.353 \end{DoxyParams}
                      
There should be exactly one # between &'s, when an
\halign or \valign is being set up. In this case you had
none, so I've put one in; maybe that will work.


Package longtable Warning: Column widths have changed
(longtable)                in table 5.34 on input line 353.


Underfull \hbox (badness 10000) detected at line 354
[][][]
 []

) (classposition.tex [39]) (struct_vec3.tex) [40]
Chapitre 6.
(arbitre_8h_source.tex) (_i_a___aleatoire_8h_source.tex) (_i_a___min_max_8h_sou
rce.tex [41

]) (_joueur_8h_source.tex) (_joueur_humain_8h_source.tex [42]) (_joueur_i_a_8h_
source.tex) (_joueur_m_p_i_8h_source.tex [43]) (main_8cpp.tex <./main_8cpp__inc
l.pdf>
<main_8cpp__incl.pdf, id=1241, 885.3075pt x 437.635pt>
File: main_8cpp__incl.pdf Graphic file (type pdf)
<use main_8cpp__incl.pdf>
Package pdftex.def Info: main_8cpp__incl.pdf  used on input line 23.
(pdftex.def)             Requested size: 350.0pt x 173.01418pt.
) (_partie_8h_source.tex [44]) (_pion_8hpp_source.tex) (_plateau3_d_8h_source.t
ex [45]) (position_8h_source.tex [46]) (test_8cpp.tex <./test_8cpp__incl.pdf>
<test_8cpp__incl.pdf, id=1332, 815.045pt x 437.635pt>
File: test_8cpp__incl.pdf Graphic file (type pdf)
<use test_8cpp__incl.pdf>
Package pdftex.def Info: test_8cpp__incl.pdf  used on input line 22.
(pdftex.def)             Requested size: 350.0pt x 187.9323pt.
[47]) (_test_jeu_8cpp.tex <./_test_jeu_8cpp__incl.pdf>
<_test_jeu_8cpp__incl.pdf, id=1349, 464.73625pt x 325.215pt>
File: _test_jeu_8cpp__incl.pdf Graphic file (type pdf)
<use _test_jeu_8cpp__incl.pdf>
Package pdftex.def Info: _test_jeu_8cpp__incl.pdf  used on input line 18.
(pdftex.def)             Requested size: 350.0pt x 244.93289pt.
) [48]
No file refman.ind.

Package longtable Warning: Table widths have changed. Rerun LaTeX.

(refman.aux)
 ***********
LaTeX2e <2025-11-01>
L3 programming layer <2025-12-24>
 ***********

LaTeX Warning: There were undefined references.


LaTeX Warning: Label(s) may have changed. Rerun to get cross-references right.


Package rerunfilecheck Warning: File `refman.out' has changed.
(rerunfilecheck)                Rerun to get outlines right
(rerunfilecheck)                or use package `bookmark'.

Package rerunfilecheck Info: Checksums for `refman.out':
(rerunfilecheck)             Before: <no file>
(rerunfilecheck)             After:  C69065C03A17C70BA6B8F5D28FDC212A;23470.
 ) 
Here is how much of TeX's memory you used:
 21054 strings out of 467871
 370566 string characters out of 5418376
 782125 words of memory out of 5000000
 49119 multiletter control sequences out of 15000+600000
 684698 words of font info for 117 fonts, out of 8000000 for 9000
 1141 hyphenation exceptions out of 8191
 101i,16n,117p,499b,779s stack positions out of 10000i,1000n,20000p,200000b,200000s
<C:/Users/troll/AppData/Local/Programs/MiKTeX/fonts/type1/public/amsfonts/cm/
cmmi10.pfb><C:/Users/troll/AppData/Local/Programs/MiKTeX/fonts/type1/public/ams
fonts/cm/cmmi8.pfb><C:/Users/troll/AppData/Local/Programs/MiKTeX/fonts/type1/pu
blic/amsfonts/cm/cmsy10.pfb><C:/Users/troll/AppData/Local/Programs/MiKTeX/fonts
/type1/public/amsfonts/cm/cmsy8.pfb><C:/Users/troll/AppData/Local/Programs/MiKT
eX/fonts/type1/public/amsfonts/cm/cmsy9.pfb><C:/Users/troll/AppData/Local/Progr
ams/MiKTeX/fonts/type1/urw/courier/ucrb8a.pfb><C:/Users/troll/AppData/Local/Pro
grams/MiKTeX/fonts/type1/urw/courier/ucrr8a.pfb><C:/Users/troll/AppData/Local/P
rograms/MiKTeX/fonts/type1/urw/courier/ucrro8a.pfb><C:/Users/troll/AppData/Loca
l/Programs/MiKTeX/fonts/type1/urw/helvetic/uhvb8a.pfb><C:/Users/troll/AppData/L
ocal/Programs/MiKTeX/fonts/type1/urw/helvetic/uhvb8ac.pfb><C:/Users/troll/AppDa
ta/Local/Programs/MiKTeX/fonts/type1/urw/helvetic/uhvr8a.pfb><C:/Users/troll/Ap
pData/Local/Programs/MiKTeX/fonts/type1/urw/helvetic/uhvro8a.pfb>
Output written on refman.pdf (50 pages, 917194 bytes).
PDF statistics:
 1509 PDF objects out of 1728 (max. 8388607)
 414 named destinations out of 1000 (max. 500000)
 206 words of extra memory for PDF output out of 10000 (max. 10000000)

